248,,384,,281,,4,,8,,,,,,,,,,,,,,,,,,,,,
0,1095,0,1089,0,1094,0,1100,0,9166,,,,,,,,,,,,,,,,,,,,
1,1156,1,1096,1,1163,1,7050,1,9825,,,,,,,,,,,,,,,,,,,,
2,1225,2,1150,2,1231,2,8200,2,10800,,,,,,,,,,,,,,,,,,,,
3,1291,3,1173,3,1292,3,13450,3,11812,,,,,,,,,,,,,,,,,,,,
4,1362,4,1226,4,1360,,,4,12113,,,,,,,,,,,,,,,,,,,,
5,1426,5,1236,5,1703,,,5,12275,,,,,,,,,,,,,,,,,,,,
6,1493,6,1258,6,1736,,,6,12445,,,,,,,,,,,,,,,,,,,,
7,1558,7,1283,7,1768,,,7,13132,,,,,,,,,,,,,,,,,,,,
8,1632,8,1302,8,1801,,,,,,,,,,,,,,,,,,,,,,,,
9,1696,9,1353,9,1835,,,,,,,,,,,,,,,,,,,,,,,,
10,1768,10,1370,10,1870,,,,,,,,,,,,,,,,,,,,,,,,
11,1831,11,1429,11,1908,,,,,,,,,,,,,,,,,,,,,,,,
12,1899,12,1448,12,1963,,,,,,,,,,,,,,,,,,,,,,,,
13,1966,13,1485,13,2038,,,,,,,,,,,,,,,,,,,,,,,,
14,2034,14,1520,14,2172,,,,,,,,,,,,,,,,,,,,,,,,
15,2097,15,1545,15,2239,,,,,,,,,,,,,,,,,,,,,,,,
16,2167,16,1568,16,2306,,,,,,,,,,,,,,,,,,,,,,,,
17,2231,17,1590,17,2372,,,,,,,,,,,,,,,,,,,,,,,,
18,2304,18,1626,18,2476,,,,,,,,,,,,,,,,,,,,,,,,
19,2369,19,1639,19,2507,,,,,,,,,,,,,,,,,,,,,,,,
20,2444,20,1701,20,2542,,,,,,,,,,,,,,,,,,,,,,,,
21,2507,21,1714,21,2576,,,,,,,,,,,,,,,,,,,,,,,,
22,2576,22,1757,22,2608,,,,,,,,,,,,,,,,,,,,,,,,
23,2640,23,1774,23,2642,,,,,,,,,,,,,,,,,,,,,,,,
24,2705,24,1796,24,2675,,,,,,,,,,,,,,,,,,,,,,,,
25,2775,25,1837,25,2712,,,,,,,,,,,,,,,,,,,,,,,,
26,2842,26,1855,26,2882,,,,,,,,,,,,,,,,,,,,,,,,
27,2908,27,1900,27,2911,,,,,,,,,,,,,,,,,,,,,,,,
28,2979,28,1917,28,2944,,,,,,,,,,,,,,,,,,,,,,,,
29,3047,29,1969,29,3014,,,,,,,,,,,,,,,,,,,,,,,,
30,3114,30,1989,30,3049,,,,,,,,,,,,,,,,,,,,,,,,
31,3183,31,2041,31,3085,,,,,,,,,,,,,,,,,,,,,,,,
32,3251,32,2052,32,3117,,,,,,,,,,,,,,,,,,,,,,,,
33,3314,33,2067,33,3149,,,,,,,,,,,,,,,,,,,,,,,,
34,3381,34,2100,34,3185,,,,,,,,,,,,,,,,,,,,,,,,
35,3448,35,2119,35,3217,,,,,,,,,,,,,,,,,,,,,,,,
36,3515,36,2155,36,3250,,,,,,,,,,,,,,,,,,,,,,,,
37,3590,37,2170,37,3453,,,,,,,,,,,,,,,,,,,,,,,,
38,3657,38,2187,38,3488,,,,,,,,,,,,,,,,,,,,,,,,
39,3724,39,2201,39,3524,,,,,,,,,,,,,,,,,,,,,,,,
40,3789,40,2244,40,3593,,,,,,,,,,,,,,,,,,,,,,,,
41,3856,41,2261,41,3612,,,,,,,,,,,,,,,,,,,,,,,,
42,3926,42,2309,42,3627,,,,,,,,,,,,,,,,,,,,,,,,
43,3994,43,2318,43,3691,,,,,,,,,,,,,,,,,,,,,,,,
44,4061,44,2342,44,3726,,,,,,,,,,,,,,,,,,,,,,,,
45,4130,45,2356,45,3759,,,,,,,,,,,,,,,,,,,,,,,,
46,4197,46,2382,46,3790,,,,,,,,,,,,,,,,,,,,,,,,
47,4263,47,2447,47,3827,,,,,,,,,,,,,,,,,,,,,,,,
48,4330,48,2458,48,3863,,,,,,,,,,,,,,,,,,,,,,,,
49,4401,49,2509,49,3881,,,,,,,,,,,,,,,,,,,,,,,,
50,4463,50,2526,50,3896,,,,,,,,,,,,,,,,,,,,,,,,
51,4530,51,2636,51,3999,,,,,,,,,,,,,,,,,,,,,,,,
52,4595,52,2665,52,4028,,,,,,,,,,,,,,,,,,,,,,,,
53,4662,53,2578,53,4064,,,,,,,,,,,,,,,,,,,,,,,,
54,4730,54,2597,54,4335,,,,,,,,,,,,,,,,,,,,,,,,
55,4795,55,2622,55,4395,,,,,,,,,,,,,,,,,,,,,,,,
56,4863,56,2732,56,4503,,,,,,,,,,,,,,,,,,,,,,,,
57,4933,57,2781,57,4517,,,,,,,,,,,,,,,,,,,,,,,,
58,5002,58,2798,58,4534,,,,,,,,,,,,,,,,,,,,,,,,
59,5072,59,2843,59,4551,,,,,,,,,,,,,,,,,,,,,,,,
60,5136,60,2852,60,4570,,,,,,,,,,,,,,,,,,,,,,,,
61,5204,61,2884,61,4605,,,,,,,,,,,,,,,,,,,,,,,,
62,5269,62,2897,62,4669,,,,,,,,,,,,,,,,,,,,,,,,
63,5339,63,2925,63,4803,,,,,,,,,,,,,,,,,,,,,,,,
64,5407,64,2978,64,4828,,,,,,,,,,,,,,,,,,,,,,,,
65,5478,65,2988,65,4858,,,,,,,,,,,,,,,,,,,,,,,,
66,5547,66,3050,66,4880,,,,,,,,,,,,,,,,,,,,,,,,
67,5615,67,3064,67,4934,,,,,,,,,,,,,,,,,,,,,,,,
68,5682,68,3112,68,4971,,,,,,,,,,,,,,,,,,,,,,,,
69,5751,69,3124,69,5006,,,,,,,,,,,,,,,,,,,,,,,,
70,5817,70,3148,70,5042,,,,,,,,,,,,,,,,,,,,,,,,
71,5883,71,3171,71,5077,,,,,,,,,,,,,,,,,,,,,,,,
72,5952,72,3190,72,5105,,,,,,,,,,,,,,,,,,,,,,,,
73,6021,73,3223,73,5142,,,,,,,,,,,,,,,,,,,,,,,,
74,6086,74,3228,74,5160,,,,,,,,,,,,,,,,,,,,,,,,
75,6154,75,3234,75,5175,,,,,,,,,,,,,,,,,,,,,,,,
76,6219,76,3240,76,5210,,,,,,,,,,,,,,,,,,,,,,,,
77,6286,77,3247,77,5243,,,,,,,,,,,,,,,,,,,,,,,,
78,6351,78,3268,78,5300,,,,,,,,,,,,,,,,,,,,,,,,
79,6414,79,3301,79,5321,,,,,,,,,,,,,,,,,,,,,,,,
80,6483,80,3322,80,5336,,,,,,,,,,,,,,,,,,,,,,,,
81,6555,81,3370,81,5350,,,,,,,,,,,,,,,,,,,,,,,,
82,6622,82,3387,82,5379,,,,,,,,,,,,,,,,,,,,,,,,
83,6690,83,3415,83,5410,,,,,,,,,,,,,,,,,,,,,,,,
84,6756,84,3438,84,5447,,,,,,,,,,,,,,,,,,,,,,,,
85,6827,85,3458,85,5478,,,,,,,,,,,,,,,,,,,,,,,,
86,7051,86,3512,86,5513,,,,,,,,,,,,,,,,,,,,,,,,
87,7085,87,3524,87,5591,,,,,,,,,,,,,,,,,,,,,,,,
88,7121,88,3571,88,5617,,,,,,,,,,,,,,,,,,,,,,,,
89,7163,89,3595,89,5645,,,,,,,,,,,,,,,,,,,,,,,,
90,7203,90,3639,90,5678,,,,,,,,,,,,,,,,,,,,,,,,
91,7243,91,3662,91,5710,,,,,,,,,,,,,,,,,,,,,,,,
92,7281,92,3686,92,5751,,,,,,,,,,,,,,,,,,,,,,,,
93,7327,93,3706,93,5783,,,,,,,,,,,,,,,,,,,,,,,,
94,7367,94,3725,94,5890,,,,,,,,,,,,,,,,,,,,,,,,
95,7409,95,3766,95,5921,,,,,,,,,,,,,,,,,,,,,,,,
96,7448,96,3801,96,5953,,,,,,,,,,,,,,,,,,,,,,,,
97,7493,97,3849,97,5987,,,,,,,,,,,,,,,,,,,,,,,,
98,7533,98,3865,98,6020,,,,,,,,,,,,,,,,,,,,,,,,
99,7575,99,3913,99,6055,,,,,,,,,,,,,,,,,,,,,,,,
100,7619,100,3933,100,6086,,,,,,,,,,,,,,,,,,,,,,,,
101,7659,101,3952,101,6115,,,,,,,,,,,,,,,,,,,,,,,,
102,7699,102,3974,102,6132,,,,,,,,,,,,,,,,,,,,,,,,
103,7744,103,3994,103,6152,,,,,,,,,,,,,,,,,,,,,,,,
104,7784,104,4052,104,6188,,,,,,,,,,,,,,,,,,,,,,,,
105,7826,105,4068,105,6222,,,,,,,,,,,,,,,,,,,,,,,,
106,7866,106,4114,106,6268,,,,,,,,,,,,,,,,,,,,,,,,
107,7908,107,4135,107,6286,,,,,,,,,,,,,,,,,,,,,,,,
108,7949,108,4203,108,6307,,,,,,,,,,,,,,,,,,,,,,,,
109,7989,109,4228,109,6356,,,,,,,,,,,,,,,,,,,,,,,,
110,8031,110,4275,110,6391,,,,,,,,,,,,,,,,,,,,,,,,
111,8194,111,4283,111,6408,,,,,,,,,,,,,,,,,,,,,,,,
112,8238,112,4292,112,6442,,,,,,,,,,,,,,,,,,,,,,,,
113,8276,113,4303,113,6476,,,,,,,,,,,,,,,,,,,,,,,,
114,8316,114,4335,114,6494,,,,,,,,,,,,,,,,,,,,,,,,
115,8362,115,4389,115,6541,,,,,,,,,,,,,,,,,,,,,,,,
116,8404,116,4406,116,6558,,,,,,,,,,,,,,,,,,,,,,,,
117,8446,117,4455,117,6578,,,,,,,,,,,,,,,,,,,,,,,,
118,8486,118,4472,118,6629,,,,,,,,,,,,,,,,,,,,,,,,
119,8525,119,4519,119,6662,,,,,,,,,,,,,,,,,,,,,,,,
120,8567,120,4538,120,6679,,,,,,,,,,,,,,,,,,,,,,,,
121,8609,121,4592,121,6712,,,,,,,,,,,,,,,,,,,,,,,,
122,8651,122,4608,122,6751,,,,,,,,,,,,,,,,,,,,,,,,
123,8695,123,4656,123,6765,,,,,,,,,,,,,,,,,,,,,,,,
124,8737,124,4676,124,6808,,,,,,,,,,,,,,,,,,,,,,,,
125,8775,125,4722,125,6830,,,,,,,,,,,,,,,,,,,,,,,,
126,8817,126,4745,126,6847,,,,,,,,,,,,,,,,,,,,,,,,
127,8859,127,4768,127,9819,,,,,,,,,,,,,,,,,,,,,,,,
128,8901,128,4787,128,9860,,,,,,,,,,,,,,,,,,,,,,,,
129,8943,129,4810,129,9879,,,,,,,,,,,,,,,,,,,,,,,,
130,8987,130,4864,130,9900,,,,,,,,,,,,,,,,,,,,,,,,
131,9026,131,4880,131,9922,,,,,,,,,,,,,,,,,,,,,,,,
132,9069,132,4925,132,9944,,,,,,,,,,,,,,,,,,,,,,,,
133,9108,133,4945,133,9964,,,,,,,,,,,,,,,,,,,,,,,,
134,9153,134,4998,134,9982,,,,,,,,,,,,,,,,,,,,,,,,
135,9193,135,5012,135,10003,,,,,,,,,,,,,,,,,,,,,,,,
136,9234,136,5038,136,10023,,,,,,,,,,,,,,,,,,,,,,,,
137,9274,137,5056,137,10047,,,,,,,,,,,,,,,,,,,,,,,,
138,9317,138,5080,138,10066,,,,,,,,,,,,,,,,,,,,,,,,
139,9357,139,5135,139,10088,,,,,,,,,,,,,,,,,,,,,,,,
140,9401,140,5152,140,10107,,,,,,,,,,,,,,,,,,,,,,,,
141,9441,141,5196,141,10129,,,,,,,,,,,,,,,,,,,,,,,,
142,9483,142,5216,142,10148,,,,,,,,,,,,,,,,,,,,,,,,
143,9525,143,5266,143,10164,,,,,,,,,,,,,,,,,,,,,,,,
144,9565,144,5282,144,10189,,,,,,,,,,,,,,,,,,,,,,,,
145,9607,145,5304,145,10297,,,,,,,,,,,,,,,,,,,,,,,,
146,9647,146,5330,146,10308,,,,,,,,,,,,,,,,,,,,,,,,
147,9690,147,5342,147,10338,,,,,,,,,,,,,,,,,,,,,,,,
148,9730,148,5397,148,10355,,,,,,,,,,,,,,,,,,,,,,,,
149,9772,149,5399,149,10461,,,,,,,,,,,,,,,,,,,,,,,,
150,9814,150,5399,150,10472,,,,,,,,,,,,,,,,,,,,,,,,
151,9858,151,5407,151,10479,,,,,,,,,,,,,,,,,,,,,,,,
152,9900,152,5423,152,10501,,,,,,,,,,,,,,,,,,,,,,,,
153,9942,153,5467,153,10522,,,,,,,,,,,,,,,,,,,,,,,,
154,9982,154,5483,154,10530,,,,,,,,,,,,,,,,,,,,,,,,
155,10026,155,5535,155,10541,,,,,,,,,,,,,,,,,,,,,,,,
156,10068,156,5551,156,10553,,,,,,,,,,,,,,,,,,,,,,,,
157,10106,157,5577,157,10561,,,,,,,,,,,,,,,,,,,,,,,,
158,10149,158,5598,158,10575,,,,,,,,,,,,,,,,,,,,,,,,
159,10189,159,5618,159,10583,,,,,,,,,,,,,,,,,,,,,,,,
160,10231,160,5675,160,10594,,,,,,,,,,,,,,,,,,,,,,,,
161,10271,161,5691,161,10601,,,,,,,,,,,,,,,,,,,,,,,,
162,10312,162,5736,162,10612,,,,,,,,,,,,,,,,,,,,,,,,
163,10354,163,5752,163,10623,,,,,,,,,,,,,,,,,,,,,,,,
164,10398,164,5809,164,10634,,,,,,,,,,,,,,,,,,,,,,,,
165,10436,165,5825,165,10642,,,,,,,,,,,,,,,,,,,,,,,,
166,10478,166,5848,166,10656,,,,,,,,,,,,,,,,,,,,,,,,
167,10519,167,5867,167,10663,,,,,,,,,,,,,,,,,,,,,,,,
168,10564,168,5886,168,10674,,,,,,,,,,,,,,,,,,,,,,,,
169,10604,169,5905,169,10686,,,,,,,,,,,,,,,,,,,,,,,,
170,10646,170,5912,170,10697,,,,,,,,,,,,,,,,,,,,,,,,
171,10686,171,5919,171,10704,,,,,,,,,,,,,,,,,,,,,,,,
172,10726,172,5999,172,10716,,,,,,,,,,,,,,,,,,,,,,,,
173,10768,173,5999,173,10723,,,,,,,,,,,,,,,,,,,,,,,,
174,10811,174,6002,174,10734,,,,,,,,,,,,,,,,,,,,,,,,
175,10854,175,6018,175,10746,,,,,,,,,,,,,,,,,,,,,,,,
176,10896,176,6075,176,10754,,,,,,,,,,,,,,,,,,,,,,,,
177,10937,177,6092,177,10765,,,,,,,,,,,,,,,,,,,,,,,,
178,10978,178,6121,178,10775,,,,,,,,,,,,,,,,,,,,,,,,
179,11021,179,6141,179,10782,,,,,,,,,,,,,,,,,,,,,,,,
180,11063,180,6161,180,10796,,,,,,,,,,,,,,,,,,,,,,,,
181,11101,181,6217,181,10815,,,,,,,,,,,,,,,,,,,,,,,,
182,11142,182,6230,182,10825,,,,,,,,,,,,,,,,,,,,,,,,
183,11188,183,6277,183,10837,,,,,,,,,,,,,,,,,,,,,,,,
184,11230,184,6292,184,10845,,,,,,,,,,,,,,,,,,,,,,,,
185,11268,185,6348,185,10860,,,,,,,,,,,,,,,,,,,,,,,,
186,11308,186,6364,186,10916,,,,,,,,,,,,,,,,,,,,,,,,
187,11350,187,6387,187,10937,,,,,,,,,,,,,,,,,,,,,,,,
188,11394,188,6410,188,10970,,,,,,,,,,,,,,,,,,,,,,,,
189,11434,189,6426,189,10984,,,,,,,,,,,,,,,,,,,,,,,,
190,11474,190,6484,190,11019,,,,,,,,,,,,,,,,,,,,,,,,
191,11518,191,6498,191,11087,,,,,,,,,,,,,,,,,,,,,,,,
192,11558,192,6544,192,11105,,,,,,,,,,,,,,,,,,,,,,,,
193,11600,193,6561,193,11136,,,,,,,,,,,,,,,,,,,,,,,,
194,11640,194,6613,194,11151,,,,,,,,,,,,,,,,,,,,,,,,
195,11682,195,6632,195,11187,,,,,,,,,,,,,,,,,,,,,,,,
196,11728,196,6657,196,11252,,,,,,,,,,,,,,,,,,,,,,,,
197,11768,197,6677,197,11271,,,,,,,,,,,,,,,,,,,,,,,,
198,11806,198,6700,198,11299,,,,,,,,,,,,,,,,,,,,,,,,
199,11850,199,6746,199,11314,,,,,,,,,,,,,,,,,,,,,,,,
200,11892,200,6762,200,11351,,,,,,,,,,,,,,,,,,,,,,,,
201,11932,201,7040,201,11333,,,,,,,,,,,,,,,,,,,,,,,,
202,11974,202,7081,202,11413,,,,,,,,,,,,,,,,,,,,,,,,
203,12016,203,7122,203,11468,,,,,,,,,,,,,,,,,,,,,,,,
204,12057,204,7161,204,11480,,,,,,,,,,,,,,,,,,,,,,,,
205,12100,205,7202,205,11523,,,,,,,,,,,,,,,,,,,,,,,,
206,12139,206,7246,206,11583,,,,,,,,,,,,,,,,,,,,,,,,
207,12183,207,7288,207,11601,,,,,,,,,,,,,,,,,,,,,,,,
208,12223,208,7330,208,11631,,,,,,,,,,,,,,,,,,,,,,,,
209,12267,209,7371,209,11645,,,,,,,,,,,,,,,,,,,,,,,,
210,12309,210,7415,210,11681,,,,,,,,,,,,,,,,,,,,,,,,
211,12353,211,7452,211,11748,,,,,,,,,,,,,,,,,,,,,,,,
212,12373,212,7497,212,11765,,,,,,,,,,,,,,,,,,,,,,,,
213,12394,213,7538,213,11795,,,,,,,,,,,,,,,,,,,,,,,,
214,12413,214,7580,214,11810,,,,,,,,,,,,,,,,,,,,,,,,
215,12434,215,7621,215,11852,,,,,,,,,,,,,,,,,,,,,,,,
216,12455,216,7662,216,11912,,,,,,,,,,,,,,,,,,,,,,,,
217,12479,217,7704,217,11934,,,,,,,,,,,,,,,,,,,,,,,,
218,12498,218,7748,218,11967,,,,,,,,,,,,,,,,,,,,,,,,
219,12519,219,7786,219,11977,,,,,,,,,,,,,,,,,,,,,,,,
220,12538,220,7828,220,12016,,,,,,,,,,,,,,,,,,,,,,,,
221,12558,221,7868,221,12082,,,,,,,,,,,,,,,,,,,,,,,,
222,12579,222,7909,222,12100,,,,,,,,,,,,,,,,,,,,,,,,
223,12600,223,7952,223,12163,,,,,,,,,,,,,,,,,,,,,,,,
224,12621,224,7995,224,12185,,,,,,,,,,,,,,,,,,,,,,,,
225,12643,225,8195,225,12225,,,,,,,,,,,,,,,,,,,,,,,,
226,12664,226,8240,226,12262,,,,,,,,,,,,,,,,,,,,,,,,
227,12685,227,8281,227,12305,,,,,,,,,,,,,,,,,,,,,,,,
228,12706,228,8322,228,12345,,,,,,,,,,,,,,,,,,,,,,,,
229,12726,229,8364,229,12368,,,,,,,,,,,,,,,,,,,,,,,,
230,12747,230,8405,230,12386,,,,,,,,,,,,,,,,,,,,,,,,
231,12766,231,8447,231,12409,,,,,,,,,,,,,,,,,,,,,,,,
232,12789,232,8488,232,12434,,,,,,,,,,,,,,,,,,,,,,,,
233,12810,233,8529,233,12452,,,,,,,,,,,,,,,,,,,,,,,,
234,12832,234,8575,234,12474,,,,,,,,,,,,,,,,,,,,,,,,
235,12853,235,8615,235,12496,,,,,,,,,,,,,,,,,,,,,,,,
236,12878,236,8657,236,12518,,,,,,,,,,,,,,,,,,,,,,,,
237,12895,237,8696,237,12536,,,,,,,,,,,,,,,,,,,,,,,,
238,12917,238,8741,238,12576,,,,,,,,,,,,,,,,,,,,,,,,
239,12936,239,8782,239,12618,,,,,,,,,,,,,,,,,,,,,,,,
240,12957,240,8821,240,12658,,,,,,,,,,,,,,,,,,,,,,,,
241,12978,241,8867,241,12680,,,,,,,,,,,,,,,,,,,,,,,,
242,12998,242,8907,242,12702,,,,,,,,,,,,,,,,,,,,,,,,
243,13019,243,8948,243,12745,,,,,,,,,,,,,,,,,,,,,,,,
244,13038,244,8986,244,12787,,,,,,,,,,,,,,,,,,,,,,,,
245,13059,245,9032,245,12827,,,,,,,,,,,,,,,,,,,,,,,,
246,13079,246,9069,246,12848,,,,,,,,,,,,,,,,,,,,,,,,
247,13100,247,9114,247,12870,,,,,,,,,,,,,,,,,,,,,,,,
,,248,9126,248,12892,,,,,,,,,,,,,,,,,,,,,,,,
,,249,9137,249,12911,,,,,,,,,,,,,,,,,,,,,,,,
,,250,9149,250,12933,,,,,,,,,,,,,,,,,,,,,,,,
,,251,9209,251,12958,,,,,,,,,,,,,,,,,,,,,,,,
,,252,9161,252,12975,,,,,,,,,,,,,,,,,,,,,,,,
,,253,9242,253,12999,,,,,,,,,,,,,,,,,,,,,,,,
,,254,9281,254,13017,,,,,,,,,,,,,,,,,,,,,,,,
,,255,9174,255,13036,,,,,,,,,,,,,,,,,,,,,,,,
,,256,9324,256,13058,,,,,,,,,,,,,,,,,,,,,,,,
,,257,9365,257,13076,,,,,,,,,,,,,,,,,,,,,,,,
,,258,9408,258,13094,,,,,,,,,,,,,,,,,,,,,,,,
,,259,9446,259,13450,,,,,,,,,,,,,,,,,,,,,,,,
,,260,9485,260,13492,,,,,,,,,,,,,,,,,,,,,,,,
,,261,9527,261,13518,,,,,,,,,,,,,,,,,,,,,,,,
,,262,9569,262,13579,,,,,,,,,,,,,,,,,,,,,,,,
,,263,9616,263,13597,,,,,,,,,,,,,,,,,,,,,,,,
,,264,9655,264,13619,,,,,,,,,,,,,,,,,,,,,,,,
,,265,9693,265,13636,,,,,,,,,,,,,,,,,,,,,,,,
,,266,9739,266,13659,,,,,,,,,,,,,,,,,,,,,,,,
,,267,9777,267,13678,,,,,,,,,,,,,,,,,,,,,,,,
,,268,9820,268,13765,,,,,,,,,,,,,,,,,,,,,,,,
,,269,9862,269,13823,,,,,,,,,,,,,,,,,,,,,,,,
,,270,9905,270,13844,,,,,,,,,,,,,,,,,,,,,,,,
,,271,9945,271,13910,,,,,,,,,,,,,,,,,,,,,,,,
,,272,9984,272,13934,,,,,,,,,,,,,,,,,,,,,,,,
,,273,10026,273,13959,,,,,,,,,,,,,,,,,,,,,,,,
,,274,10071,274,13992,,,,,,,,,,,,,,,,,,,,,,,,
,,275,10110,275,14025,,,,,,,,,,,,,,,,,,,,,,,,
,,276,10152,276,14061,,,,,,,,,,,,,,,,,,,,,,,,
,,277,10190,277,14277,,,,,,,,,,,,,,,,,,,,,,,,
,,278,10237,278,14549,,,,,,,,,,,,,,,,,,,,,,,,
,,279,10273,279,14567,,,,,,,,,,,,,,,,,,,,,,,,
,,280,10320,280,14590,,,,,,,,,,,,,,,,,,,,,,,,
,,281,10359,,,,,,,,,,,,,,,,,,,,,,,,,,
,,282,10401,,,,,,,,,,,,,,,,,,,,,,,,,,
,,283,10443,,,,,,,,,,,,,,,,,,,,,,,,,,
,,284,10487,,,,,,,,,,,,,,,,,,,,,,,,,,
,,285,10527,,,,,,,,,,,,,,,,,,,,,,,,,,
,,286,10565,,,,,,,,,,,,,,,,,,,,,,,,,,
,,287,10608,,,,,,,,,,,,,,,,,,,,,,,,,,
,,288,10648,,,,,,,,,,,,,,,,,,,,,,,,,,
,,289,10691,,,,,,,,,,,,,,,,,,,,,,,,,,
,,290,10731,,,,,,,,,,,,,,,,,,,,,,,,,,
,,291,10772,,,,,,,,,,,,,,,,,,,,,,,,,,
,,292,10815,,,,,,,,,,,,,,,,,,,,,,,,,,
,,293,10858,,,,,,,,,,,,,,,,,,,,,,,,,,
,,294,10900,,,,,,,,,,,,,,,,,,,,,,,,,,
,,295,10939,,,,,,,,,,,,,,,,,,,,,,,,,,
,,296,10983,,,,,,,,,,,,,,,,,,,,,,,,,,
,,297,11021,,,,,,,,,,,,,,,,,,,,,,,,,,
,,298,11067,,,,,,,,,,,,,,,,,,,,,,,,,,
,,299,11102,,,,,,,,,,,,,,,,,,,,,,,,,,
,,300,11146,,,,,,,,,,,,,,,,,,,,,,,,,,
,,301,11186,,,,,,,,,,,,,,,,,,,,,,,,,,
,,302,11232,,,,,,,,,,,,,,,,,,,,,,,,,,
,,303,11272,,,,,,,,,,,,,,,,,,,,,,,,,,
,,304,11317,,,,,,,,,,,,,,,,,,,,,,,,,,
,,305,11399,,,,,,,,,,,,,,,,,,,,,,,,,,
,,306,11438,,,,,,,,,,,,,,,,,,,,,,,,,,
,,307,11483,,,,,,,,,,,,,,,,,,,,,,,,,,
,,308,11522,,,,,,,,,,,,,,,,,,,,,,,,,,
,,309,11561,,,,,,,,,,,,,,,,,,,,,,,,,,
,,310,11606,,,,,,,,,,,,,,,,,,,,,,,,,,
,,311,11649,,,,,,,,,,,,,,,,,,,,,,,,,,
,,312,11688,,,,,,,,,,,,,,,,,,,,,,,,,,
,,313,11732,,,,,,,,,,,,,,,,,,,,,,,,,,
,,314,11772,,,,,,,,,,,,,,,,,,,,,,,,,,
,,315,11813,,,,,,,,,,,,,,,,,,,,,,,,,,
,,316,11855,,,,,,,,,,,,,,,,,,,,,,,,,,
,,317,11899,,,,,,,,,,,,,,,,,,,,,,,,,,
,,318,11938,,,,,,,,,,,,,,,,,,,,,,,,,,
,,319,11978,,,,,,,,,,,,,,,,,,,,,,,,,,
,,320,12018,,,,,,,,,,,,,,,,,,,,,,,,,,
,,321,12061,,,,,,,,,,,,,,,,,,,,,,,,,,
,,322,12102,,,,,,,,,,,,,,,,,,,,,,,,,,
,,323,12148,,,,,,,,,,,,,,,,,,,,,,,,,,
,,324,12184,,,,,,,,,,,,,,,,,,,,,,,,,,
,,325,12228,,,,,,,,,,,,,,,,,,,,,,,,,,
,,326,12272,,,,,,,,,,,,,,,,,,,,,,,,,,
,,327,12314,,,,,,,,,,,,,,,,,,,,,,,,,,
,,328,12357,,,,,,,,,,,,,,,,,,,,,,,,,,
,,329,12377,,,,,,,,,,,,,,,,,,,,,,,,,,
,,330,12398,,,,,,,,,,,,,,,,,,,,,,,,,,
,,331,12418,,,,,,,,,,,,,,,,,,,,,,,,,,
,,332,12440,,,,,,,,,,,,,,,,,,,,,,,,,,
,,333,12461,,,,,,,,,,,,,,,,,,,,,,,,,,
,,334,12482,,,,,,,,,,,,,,,,,,,,,,,,,,
,,335,12503,,,,,,,,,,,,,,,,,,,,,,,,,,
,,336,12524,,,,,,,,,,,,,,,,,,,,,,,,,,
,,337,12544,,,,,,,,,,,,,,,,,,,,,,,,,,
,,338,12562,,,,,,,,,,,,,,,,,,,,,,,,,,
,,339,12586,,,,,,,,,,,,,,,,,,,,,,,,,,
,,340,12607,,,,,,,,,,,,,,,,,,,,,,,,,,
,,341,12628,,,,,,,,,,,,,,,,,,,,,,,,,,
,,342,12645,,,,,,,,,,,,,,,,,,,,,,,,,,
,,343,12669,,,,,,,,,,,,,,,,,,,,,,,,,,
,,344,12689,,,,,,,,,,,,,,,,,,,,,,,,,,
,,345,12709,,,,,,,,,,,,,,,,,,,,,,,,,,
,,346,12726,,,,,,,,,,,,,,,,,,,,,,,,,,
,,347,12750,,,,,,,,,,,,,,,,,,,,,,,,,,
,,348,12772,,,,,,,,,,,,,,,,,,,,,,,,,,
,,349,12793,,,,,,,,,,,,,,,,,,,,,,,,,,
,,350,12810,,,,,,,,,,,,,,,,,,,,,,,,,,
,,351,12838,,,,,,,,,,,,,,,,,,,,,,,,,,
,,352,12854,,,,,,,,,,,,,,,,,,,,,,,,,,
,,353,12875,,,,,,,,,,,,,,,,,,,,,,,,,,
,,354,12895,,,,,,,,,,,,,,,,,,,,,,,,,,
,,355,12915,,,,,,,,,,,,,,,,,,,,,,,,,,
,,356,12932,,,,,,,,,,,,,,,,,,,,,,,,,,
,,357,12957,,,,,,,,,,,,,,,,,,,,,,,,,,
,,358,12978,,,,,,,,,,,,,,,,,,,,,,,,,,
,,359,13000,,,,,,,,,,,,,,,,,,,,,,,,,,
,,360,13021,,,,,,,,,,,,,,,,,,,,,,,,,,
,,361,13041,,,,,,,,,,,,,,,,,,,,,,,,,,
,,362,13061,,,,,,,,,,,,,,,,,,,,,,,,,,
,,363,13082,,,,,,,,,,,,,,,,,,,,,,,,,,
,,364,13099,,,,,,,,,,,,,,,,,,,,,,,,,,
,,365,13454,,,,,,,,,,,,,,,,,,,,,,,,,,
,,366,13502,,,,,,,,,,,,,,,,,,,,,,,,,,
,,367,13519,,,,,,,,,,,,,,,,,,,,,,,,,,
,,368,13584,,,,,,,,,,,,,,,,,,,,,,,,,,
,,369,13605,,,,,,,,,,,,,,,,,,,,,,,,,,
,,370,13626,,,,,,,,,,,,,,,,,,,,,,,,,,
,,371,13642,,,,,,,,,,,,,,,,,,,,,,,,,,
,,372,13660,,,,,,,,,,,,,,,,,,,,,,,,,,
,,373,13686,,,,,,,,,,,,,,,,,,,,,,,,,,
,,374,13762,,,,,,,,,,,,,,,,,,,,,,,,,,
,,375,13825,,,,,,,,,,,,,,,,,,,,,,,,,,
,,376,13850,,,,,,,,,,,,,,,,,,,,,,,,,,
,,377,13916,,,,,,,,,,,,,,,,,,,,,,,,,,
,,378,13941,,,,,,,,,,,,,,,,,,,,,,,,,,
,,379,13966,,,,,,,,,,,,,,,,,,,,,,,,,,
,,380,13995,,,,,,,,,,,,,,,,,,,,,,,,,,
,,381,14025,,,,,,,,,,,,,,,,,,,,,,,,,,
,,382,14064,,,,,,,,,,,,,,,,,,,,,,,,,,
,,383,14284,,,,,,,,,,,,,,,,,,,,,,,,,,
0,SLOW_MIDDLE,5,0,0,10,0,0,10,RIGHT_ARM,0,SLOW_MIDDLE,5,0,0,10,0,0,10,RIGHT_ARM,0,SLOW_MIDDLE,5,0,0,10,0,0,10,RIGHT_ARM
4,SLOW_MIDDLE,-5,0,0,10,0,0,10,LEFT_ARM,3,SLOW_MIDDLE,-5,0,0,10,0,0,10,LEFT_ARM,3,SLOW_MIDDLE,-5,0,0,10,0,0,10,LEFT_ARM
8,FAST_MIDDLE,0,0,0,10,0,0,10,BODY,7,FAST_MIDDLE,0,0,0,10,0,0,10,BODY,7,FAST_MIDDLE,0,0,0,10,0,0,10,BODY
12,SLOW_SMALL,5,0,0,10,0,0,0.2,RIGHT_ARM,8,SLOW_SMALL,5,0,0,10,0,0,0.2,RIGHT_ARM,8,SLOW_SMALL,5,0,0,10,0,0,0.2,RIGHT_ARM
16,SLOW_SMALL,-5,0,0,10,0,0,0.2,LEFT_ARM,11,SLOW_SMALL,-5,0,0,10,0,0,0.2,LEFT_ARM,11,SLOW_SMALL,-5,0,0,10,0,0,0.2,LEFT_ARM
20,FAST_SMALL,0,0,0,10,0,0,0.2,BODY,15,FAST_SMALL,0,0,0,10,0,0,0.2,BODY,15,FAST_SMALL,0,0,0,10,0,0,0.2,BODY
24,SLOW_SMALL,5,0,0,10,0,0,0.2,RIGHT_ARM,16,SLOW_SMALL,5,0,0,10,0,0,0.2,RIGHT_ARM,16,SLOW_SMALL,5,0,0,10,0,0,0.2,RIGHT_ARM
28,SLOW_SMALL,-5,0,0,10,0,0,0.2,LEFT_ARM,19,SLOW_SMALL,-5,0,0,10,0,0,0.2,LEFT_ARM,19,SLOW_SMALL,-5,0,0,10,0,0,0.2,LEFT_ARM
32,FAST_MIDDLE,0,0,0,10,0,0,10,BODY,23,FAST_MIDDLE,0,0,0,10,0,0,10,BODY,23,FAST_MIDDLE,0,0,0,10,0,0,10,BODY
36,SLOW_MIDDLE,-5,0,0,10,0,0,10,LEFT_ARM,24,SLOW_MIDDLE,-5,0,0,10,0,0,10,LEFT_ARM,24,SLOW_MIDDLE,-5,0,0,10,0,0,10,LEFT_ARM
40,SLOW_MIDDLE,5,0,0,10,0,0,10,RIGHT_ARM,26,SLOW_MIDDLE,5,0,0,10,0,0,10,RIGHT_ARM,26,SLOW_MIDDLE,5,0,0,10,0,0,10,RIGHT_ARM
44,SLOW_MIDDLE,-5,0,0,10,0,0,10,LEFT_ARM,28,SLOW_MIDDLE,-5,0,0,10,0,0,10,LEFT_ARM,28,SLOW_MIDDLE,-5,0,0,10,0,0,10,LEFT_ARM
48,SLOW_MIDDLE,5,0,0,10,0,0,10,RIGHT_ARM,30,SLOW_MIDDLE,5,0,0,10,0,0,10,RIGHT_ARM,30,SLOW_MIDDLE,5,0,0,10,0,0,10,RIGHT_ARM
52,FAST_MIDDLE,0,0,0,10,0,0,10,BODY,31,FAST_MIDDLE,0,0,0,10,0,0,10,BODY,31,FAST_MIDDLE,0,0,0,10,0,0,10,BODY
56,SLOW_MIDDLE,-5,0,0,10,0,0,10,LEFT_ARM,32,SLOW_MIDDLE,-5,0,0,10,0,0,10,LEFT_ARM,32,SLOW_MIDDLE,-5,0,0,10,0,0,10,LEFT_ARM
60,SLOW_MIDDLE,5,0,0,10,0,0,10,RIGHT_ARM,34,SLOW_MIDDLE,5,0,0,10,0,0,10,RIGHT_ARM,34,SLOW_MIDDLE,5,0,0,10,0,0,10,RIGHT_ARM
64,SLOW_MIDDLE,-5,0,0,10,0,0,10,LEFT_ARM,36,SLOW_MIDDLE,-5,0,0,10,0,0,10,LEFT_ARM,36,SLOW_MIDDLE,-5,0,0,10,0,0,10,LEFT_ARM
68,SLOW_MIDDLE,5,0,0,10,0,0,10,RIGHT_ARM,38,SLOW_MIDDLE,5,0,0,10,0,0,10,RIGHT_ARM,38,SLOW_MIDDLE,5,0,0,10,0,0,10,RIGHT_ARM
72,FAST_MIDDLE,0,0,0,10,0,0,10,BODY,39,FAST_MIDDLE,0,0,0,10,0,0,10,BODY,39,FAST_MIDDLE,0,0,0,10,0,0,10,BODY
76,SLOW_MIDDLE,-5,0,0,10,0,0,10,LEFT_ARM,40,SLOW_MIDDLE,-5,0,0,10,0,0,10,LEFT_ARM,40,SLOW_MIDDLE,-5,0,0,10,0,0,10,LEFT_ARM
80,SLOW_MIDDLE,5,0,0,10,0,0,10,RIGHT_ARM,42,SLOW_MIDDLE,5,0,0,10,0,0,10,RIGHT_ARM,42,SLOW_MIDDLE,5,0,0,10,0,0,10,RIGHT_ARM
