487,,845,,4,,6,,6,,,,,,,,,,,,,,,,,,,,,
0,57,0,64,0,1100,0,8190,0,8190,,,,,,,,,,,,,,,,,,,,
1,92,1,77,1,7050,1,9160,1,9160,,,,,,,,,,,,,,,,,,,,
2,135,2,123,2,8185,2,9820,2,9820,,,,,,,,,,,,,,,,,,,,
3,175,3,131,3,13450,3,10798,3,10798,,,,,,,,,,,,,,,,,,,,
4,210,4,141,,,4,11810,4,11810,,,,,,,,,,,,,,,,,,,,
5,253,5,152,,,5,12475,5,12475,,,,,,,,,,,,,,,,,,,,
6,293,6,179,,,,,,,,,,,,,,,,,,,,,,,,,,
7,334,7,192,,,,,,,,,,,,,,,,,,,,,,,,,,
8,373,8,217,,,,,,,,,,,,,,,,,,,,,,,,,,
9,414,9,227,,,,,,,,,,,,,,,,,,,,,,,,,,
10,452,10,248,,,,,,,,,,,,,,,,,,,,,,,,,,
11,494,11,288,,,,,,,,,,,,,,,,,,,,,,,,,,
12,536,12,302,,,,,,,,,,,,,,,,,,,,,,,,,,
13,575,13,322,,,,,,,,,,,,,,,,,,,,,,,,,,
14,620,14,337,,,,,,,,,,,,,,,,,,,,,,,,,,
15,663,15,389,,,,,,,,,,,,,,,,,,,,,,,,,,
16,712,16,402,,,,,,,,,,,,,,,,,,,,,,,,,,
17,753,17,413,,,,,,,,,,,,,,,,,,,,,,,,,,
18,797,18,425,,,,,,,,,,,,,,,,,,,,,,,,,,
19,844,19,438,,,,,,,,,,,,,,,,,,,,,,,,,,
20,886,20,461,,,,,,,,,,,,,,,,,,,,,,,,,,
21,928,21,474,,,,,,,,,,,,,,,,,,,,,,,,,,
22,971,22,499,,,,,,,,,,,,,,,,,,,,,,,,,,
23,1013,23,510,,,,,,,,,,,,,,,,,,,,,,,,,,
24,1055,24,535,,,,,,,,,,,,,,,,,,,,,,,,,,
25,1095,25,812,,,,,,,,,,,,,,,,,,,,,,,,,,
26,1136,26,2075,,,,,,,,,,,,,,,,,,,,,,,,,,
27,1179,27,2096,,,,,,,,,,,,,,,,,,,,,,,,,,
28,1223,28,2109,,,,,,,,,,,,,,,,,,,,,,,,,,
29,1264,29,2127,,,,,,,,,,,,,,,,,,,,,,,,,,
30,1306,30,2140,,,,,,,,,,,,,,,,,,,,,,,,,,
31,1347,31,2164,,,,,,,,,,,,,,,,,,,,,,,,,,
32,1390,32,2177,,,,,,,,,,,,,,,,,,,,,,,,,,
33,1431,33,2185,,,,,,,,,,,,,,,,,,,,,,,,,,
34,1473,34,2195,,,,,,,,,,,,,,,,,,,,,,,,,,
35,1518,35,2218,,,,,,,,,,,,,,,,,,,,,,,,,,
36,1560,36,2239,,,,,,,,,,,,,,,,,,,,,,,,,,
37,1602,37,2268,,,,,,,,,,,,,,,,,,,,,,,,,,
38,1642,38,2298,,,,,,,,,,,,,,,,,,,,,,,,,,
39,1686,39,2338,,,,,,,,,,,,,,,,,,,,,,,,,,
40,1728,40,2358,,,,,,,,,,,,,,,,,,,,,,,,,,
41,1769,41,2371,,,,,,,,,,,,,,,,,,,,,,,,,,
42,1813,42,2398,,,,,,,,,,,,,,,,,,,,,,,,,,
43,1855,43,2414,,,,,,,,,,,,,,,,,,,,,,,,,,
44,1897,44,2434,,,,,,,,,,,,,,,,,,,,,,,,,,
45,1940,45,2444,,,,,,,,,,,,,,,,,,,,,,,,,,
46,1979,46,2467,,,,,,,,,,,,,,,,,,,,,,,,,,
47,2021,47,2490,,,,,,,,,,,,,,,,,,,,,,,,,,
48,2065,48,2500,,,,,,,,,,,,,,,,,,,,,,,,,,
49,2104,49,2510,,,,,,,,,,,,,,,,,,,,,,,,,,
50,2149,50,2518,,,,,,,,,,,,,,,,,,,,,,,,,,
51,2192,51,2536,,,,,,,,,,,,,,,,,,,,,,,,,,
52,2239,52,2558,,,,,,,,,,,,,,,,,,,,,,,,,,
53,2278,53,2588,,,,,,,,,,,,,,,,,,,,,,,,,,
54,2320,54,2611,,,,,,,,,,,,,,,,,,,,,,,,,,
55,2360,55,2624,,,,,,,,,,,,,,,,,,,,,,,,,,
56,2402,56,2642,,,,,,,,,,,,,,,,,,,,,,,,,,
57,2443,57,2657,,,,,,,,,,,,,,,,,,,,,,,,,,
58,2484,58,2747,,,,,,,,,,,,,,,,,,,,,,,,,,
59,2531,59,2767,,,,,,,,,,,,,,,,,,,,,,,,,,
60,2579,60,2778,,,,,,,,,,,,,,,,,,,,,,,,,,
61,2616,61,2803,,,,,,,,,,,,,,,,,,,,,,,,,,
62,2662,62,2826,,,,,,,,,,,,,,,,,,,,,,,,,,
63,2704,63,2849,,,,,,,,,,,,,,,,,,,,,,,,,,
64,2746,64,2863,,,,,,,,,,,,,,,,,,,,,,,,,,
65,2785,65,2871,,,,,,,,,,,,,,,,,,,,,,,,,,
66,2829,66,2883,,,,,,,,,,,,,,,,,,,,,,,,,,
67,2866,67,2904,,,,,,,,,,,,,,,,,,,,,,,,,,
68,2911,68,2920,,,,,,,,,,,,,,,,,,,,,,,,,,
69,2954,69,2940,,,,,,,,,,,,,,,,,,,,,,,,,,
70,2996,70,2953,,,,,,,,,,,,,,,,,,,,,,,,,,
71,3037,71,2975,,,,,,,,,,,,,,,,,,,,,,,,,,
72,3079,72,3018,,,,,,,,,,,,,,,,,,,,,,,,,,
73,3120,73,3033,,,,,,,,,,,,,,,,,,,,,,,,,,
74,3163,74,3044,,,,,,,,,,,,,,,,,,,,,,,,,,
75,3206,75,3061,,,,,,,,,,,,,,,,,,,,,,,,,,
76,3248,76,3072,,,,,,,,,,,,,,,,,,,,,,,,,,
77,3289,77,3084,,,,,,,,,,,,,,,,,,,,,,,,,,
78,3329,78,3107,,,,,,,,,,,,,,,,,,,,,,,,,,
79,3373,79,3116,,,,,,,,,,,,,,,,,,,,,,,,,,
80,3415,80,3137,,,,,,,,,,,,,,,,,,,,,,,,,,
81,3456,81,3149,,,,,,,,,,,,,,,,,,,,,,,,,,
82,3496,82,3164,,,,,,,,,,,,,,,,,,,,,,,,,,
83,3541,83,3174,,,,,,,,,,,,,,,,,,,,,,,,,,
84,3585,84,3185,,,,,,,,,,,,,,,,,,,,,,,,,,
85,3625,85,3200,,,,,,,,,,,,,,,,,,,,,,,,,,
86,3669,86,3230,,,,,,,,,,,,,,,,,,,,,,,,,,
87,3708,87,3263,,,,,,,,,,,,,,,,,,,,,,,,,,
88,3755,88,3278,,,,,,,,,,,,,,,,,,,,,,,,,,
89,3796,89,3289,,,,,,,,,,,,,,,,,,,,,,,,,,
90,3840,90,3309,,,,,,,,,,,,,,,,,,,,,,,,,,
91,3880,91,3324,,,,,,,,,,,,,,,,,,,,,,,,,,
92,3922,92,3421,,,,,,,,,,,,,,,,,,,,,,,,,,
93,3966,93,3429,,,,,,,,,,,,,,,,,,,,,,,,,,
94,4008,94,3442,,,,,,,,,,,,,,,,,,,,,,,,,,
95,4049,95,3452,,,,,,,,,,,,,,,,,,,,,,,,,,
96,4093,96,3462,,,,,,,,,,,,,,,,,,,,,,,,,,
97,4136,97,3475,,,,,,,,,,,,,,,,,,,,,,,,,,
98,4176,98,3485,,,,,,,,,,,,,,,,,,,,,,,,,,
99,4219,99,3506,,,,,,,,,,,,,,,,,,,,,,,,,,
100,4261,100,3517,,,,,,,,,,,,,,,,,,,,,,,,,,
101,4303,101,3527,,,,,,,,,,,,,,,,,,,,,,,,,,
102,4347,102,3537,,,,,,,,,,,,,,,,,,,,,,,,,,
103,4387,103,3548,,,,,,,,,,,,,,,,,,,,,,,,,,
104,4434,104,3560,,,,,,,,,,,,,,,,,,,,,,,,,,
105,4474,105,3571,,,,,,,,,,,,,,,,,,,,,,,,,,
106,4516,106,3591,,,,,,,,,,,,,,,,,,,,,,,,,,
107,4558,107,3599,,,,,,,,,,,,,,,,,,,,,,,,,,
108,4600,108,3612,,,,,,,,,,,,,,,,,,,,,,,,,,
109,4639,109,3622,,,,,,,,,,,,,,,,,,,,,,,,,,
110,4681,110,3633,,,,,,,,,,,,,,,,,,,,,,,,,,
111,4727,111,3643,,,,,,,,,,,,,,,,,,,,,,,,,,
112,4769,112,3656,,,,,,,,,,,,,,,,,,,,,,,,,,
113,4811,113,3676,,,,,,,,,,,,,,,,,,,,,,,,,,
114,4854,114,3681,,,,,,,,,,,,,,,,,,,,,,,,,,
115,4896,115,3691,,,,,,,,,,,,,,,,,,,,,,,,,,
116,4939,116,3699,,,,,,,,,,,,,,,,,,,,,,,,,,
117,4979,117,3709,,,,,,,,,,,,,,,,,,,,,,,,,,
118,5021,118,3715,,,,,,,,,,,,,,,,,,,,,,,,,,
119,5065,119,3725,,,,,,,,,,,,,,,,,,,,,,,,,,
120,5109,120,3734,,,,,,,,,,,,,,,,,,,,,,,,,,
121,5149,121,3740,,,,,,,,,,,,,,,,,,,,,,,,,,
122,5188,122,3770,,,,,,,,,,,,,,,,,,,,,,,,,,
123,5232,123,4093,,,,,,,,,,,,,,,,,,,,,,,,,,
124,5274,124,4103,,,,,,,,,,,,,,,,,,,,,,,,,,
125,5320,125,4116,,,,,,,,,,,,,,,,,,,,,,,,,,
126,5359,126,4129,,,,,,,,,,,,,,,,,,,,,,,,,,
127,5401,127,4140,,,,,,,,,,,,,,,,,,,,,,,,,,
128,5446,128,4154,,,,,,,,,,,,,,,,,,,,,,,,,,
129,5489,129,4181,,,,,,,,,,,,,,,,,,,,,,,,,,
130,5527,130,4194,,,,,,,,,,,,,,,,,,,,,,,,,,
131,5572,131,4205,,,,,,,,,,,,,,,,,,,,,,,,,,
132,5611,132,4215,,,,,,,,,,,,,,,,,,,,,,,,,,
133,5654,133,4223,,,,,,,,,,,,,,,,,,,,,,,,,,
134,5695,134,4236,,,,,,,,,,,,,,,,,,,,,,,,,,
135,5736,135,4264,,,,,,,,,,,,,,,,,,,,,,,,,,
136,5784,136,4278,,,,,,,,,,,,,,,,,,,,,,,,,,
137,5820,137,4288,,,,,,,,,,,,,,,,,,,,,,,,,,
138,5866,138,4301,,,,,,,,,,,,,,,,,,,,,,,,,,
139,5908,139,4310,,,,,,,,,,,,,,,,,,,,,,,,,,
140,5953,140,4328,,,,,,,,,,,,,,,,,,,,,,,,,,
141,5990,141,4349,,,,,,,,,,,,,,,,,,,,,,,,,,
142,6034,142,4357,,,,,,,,,,,,,,,,,,,,,,,,,,
143,6078,143,4365,,,,,,,,,,,,,,,,,,,,,,,,,,
144,6118,144,4373,,,,,,,,,,,,,,,,,,,,,,,,,,
145,6162,145,4384,,,,,,,,,,,,,,,,,,,,,,,,,,
146,6202,146,4392,,,,,,,,,,,,,,,,,,,,,,,,,,
147,6244,147,4398,,,,,,,,,,,,,,,,,,,,,,,,,,
148,6288,148,4408,,,,,,,,,,,,,,,,,,,,,,,,,,
149,6331,149,4773,,,,,,,,,,,,,,,,,,,,,,,,,,
150,6375,150,4790,,,,,,,,,,,,,,,,,,,,,,,,,,
151,6416,151,4816,,,,,,,,,,,,,,,,,,,,,,,,,,
152,6455,152,4833,,,,,,,,,,,,,,,,,,,,,,,,,,
153,6499,153,4856,,,,,,,,,,,,,,,,,,,,,,,,,,
154,6541,154,4866,,,,,,,,,,,,,,,,,,,,,,,,,,
155,6582,155,4884,,,,,,,,,,,,,,,,,,,,,,,,,,
156,6627,156,4939,,,,,,,,,,,,,,,,,,,,,,,,,,
157,6666,157,4963,,,,,,,,,,,,,,,,,,,,,,,,,,
158,6709,158,4983,,,,,,,,,,,,,,,,,,,,,,,,,,
159,6749,159,5003,,,,,,,,,,,,,,,,,,,,,,,,,,
160,6794,160,5023,,,,,,,,,,,,,,,,,,,,,,,,,,
161,6838,161,5029,,,,,,,,,,,,,,,,,,,,,,,,,,
162,6878,162,5047,,,,,,,,,,,,,,,,,,,,,,,,,,
163,6920,163,5108,,,,,,,,,,,,,,,,,,,,,,,,,,
164,6966,164,5125,,,,,,,,,,,,,,,,,,,,,,,,,,
165,7008,165,5151,,,,,,,,,,,,,,,,,,,,,,,,,,
166,7048,166,5174,,,,,,,,,,,,,,,,,,,,,,,,,,
167,7092,167,5195,,,,,,,,,,,,,,,,,,,,,,,,,,
168,7137,168,5205,,,,,,,,,,,,,,,,,,,,,,,,,,
169,7176,169,5226,,,,,,,,,,,,,,,,,,,,,,,,,,
170,7221,170,5251,,,,,,,,,,,,,,,,,,,,,,,,,,
171,7262,171,5270,,,,,,,,,,,,,,,,,,,,,,,,,,
172,7306,172,5285,,,,,,,,,,,,,,,,,,,,,,,,,,
173,7348,173,5317,,,,,,,,,,,,,,,,,,,,,,,,,,
174,7378,174,5343,,,,,,,,,,,,,,,,,,,,,,,,,,
175,7416,175,5360,,,,,,,,,,,,,,,,,,,,,,,,,,
176,7446,176,5403,,,,,,,,,,,,,,,,,,,,,,,,,,
177,7471,177,5443,,,,,,,,,,,,,,,,,,,,,,,,,,
178,7498,178,5468,,,,,,,,,,,,,,,,,,,,,,,,,,
179,7528,179,5490,,,,,,,,,,,,,,,,,,,,,,,,,,
180,7556,180,5510,,,,,,,,,,,,,,,,,,,,,,,,,,
181,7584,181,5531,,,,,,,,,,,,,,,,,,,,,,,,,,
182,7611,182,5541,,,,,,,,,,,,,,,,,,,,,,,,,,
183,7640,183,5561,,,,,,,,,,,,,,,,,,,,,,,,,,
184,7665,184,5617,,,,,,,,,,,,,,,,,,,,,,,,,,
185,7692,185,5635,,,,,,,,,,,,,,,,,,,,,,,,,,
186,7722,186,5659,,,,,,,,,,,,,,,,,,,,,,,,,,
187,7752,187,5679,,,,,,,,,,,,,,,,,,,,,,,,,,
188,7780,188,5699,,,,,,,,,,,,,,,,,,,,,,,,,,
189,7806,189,5710,,,,,,,,,,,,,,,,,,,,,,,,,,
190,7838,190,5727,,,,,,,,,,,,,,,,,,,,,,,,,,
191,7865,191,5785,,,,,,,,,,,,,,,,,,,,,,,,,,
192,7891,192,5802,,,,,,,,,,,,,,,,,,,,,,,,,,
193,7918,193,5830,,,,,,,,,,,,,,,,,,,,,,,,,,
194,7948,194,5850,,,,,,,,,,,,,,,,,,,,,,,,,,
195,7979,195,5868,,,,,,,,,,,,,,,,,,,,,,,,,,
196,8004,196,5881,,,,,,,,,,,,,,,,,,,,,,,,,,
197,8033,197,5899,,,,,,,,,,,,,,,,,,,,,,,,,,
198,8060,198,5923,,,,,,,,,,,,,,,,,,,,,,,,,,
199,8087,199,6123,,,,,,,,,,,,,,,,,,,,,,,,,,
200,8117,200,6151,,,,,,,,,,,,,,,,,,,,,,,,,,
201,8147,201,6164,,,,,,,,,,,,,,,,,,,,,,,,,,
202,8174,202,6204,,,,,,,,,,,,,,,,,,,,,,,,,,
203,8204,203,6247,,,,,,,,,,,,,,,,,,,,,,,,,,
204,8230,204,6256,,,,,,,,,,,,,,,,,,,,,,,,,,
205,8254,205,6266,,,,,,,,,,,,,,,,,,,,,,,,,,
206,8286,206,6279,,,,,,,,,,,,,,,,,,,,,,,,,,
207,8313,207,6290,,,,,,,,,,,,,,,,,,,,,,,,,,
208,8341,208,6323,,,,,,,,,,,,,,,,,,,,,,,,,,
209,8368,209,6333,,,,,,,,,,,,,,,,,,,,,,,,,,
210,8398,210,6416,,,,,,,,,,,,,,,,,,,,,,,,,,
211,8425,211,6441,,,,,,,,,,,,,,,,,,,,,,,,,,
212,8455,212,6452,,,,,,,,,,,,,,,,,,,,,,,,,,
213,8482,213,6496,,,,,,,,,,,,,,,,,,,,,,,,,,
214,8509,214,6541,,,,,,,,,,,,,,,,,,,,,,,,,,
215,8539,215,6559,,,,,,,,,,,,,,,,,,,,,,,,,,
216,8566,216,6580,,,,,,,,,,,,,,,,,,,,,,,,,,
217,8595,217,6603,,,,,,,,,,,,,,,,,,,,,,,,,,
218,8621,218,6628,,,,,,,,,,,,,,,,,,,,,,,,,,
219,8654,219,6667,,,,,,,,,,,,,,,,,,,,,,,,,,
220,8689,220,6711,,,,,,,,,,,,,,,,,,,,,,,,,,
221,8731,221,7306,,,,,,,,,,,,,,,,,,,,,,,,,,
222,8780,222,7316,,,,,,,,,,,,,,,,,,,,,,,,,,
223,8820,223,7331,,,,,,,,,,,,,,,,,,,,,,,,,,
224,8863,224,7347,,,,,,,,,,,,,,,,,,,,,,,,,,
225,8904,225,7362,,,,,,,,,,,,,,,,,,,,,,,,,,
226,8946,226,7375,,,,,,,,,,,,,,,,,,,,,,,,,,
227,8989,227,7388,,,,,,,,,,,,,,,,,,,,,,,,,,
228,9028,228,7404,,,,,,,,,,,,,,,,,,,,,,,,,,
229,9070,229,7417,,,,,,,,,,,,,,,,,,,,,,,,,,
230,9111,230,7430,,,,,,,,,,,,,,,,,,,,,,,,,,
231,9153,231,7445,,,,,,,,,,,,,,,,,,,,,,,,,,
232,9197,232,7464,,,,,,,,,,,,,,,,,,,,,,,,,,
233,9243,233,7474,,,,,,,,,,,,,,,,,,,,,,,,,,
234,9285,234,7490,,,,,,,,,,,,,,,,,,,,,,,,,,
235,9325,235,7503,,,,,,,,,,,,,,,,,,,,,,,,,,
236,9368,236,7516,,,,,,,,,,,,,,,,,,,,,,,,,,
237,9409,237,7532,,,,,,,,,,,,,,,,,,,,,,,,,,
238,9454,238,7545,,,,,,,,,,,,,,,,,,,,,,,,,,
239,9494,239,7558,,,,,,,,,,,,,,,,,,,,,,,,,,
240,9536,240,7571,,,,,,,,,,,,,,,,,,,,,,,,,,
241,9580,241,7584,,,,,,,,,,,,,,,,,,,,,,,,,,
242,9623,242,7599,,,,,,,,,,,,,,,,,,,,,,,,,,
243,9663,243,7612,,,,,,,,,,,,,,,,,,,,,,,,,,
244,9705,244,7625,,,,,,,,,,,,,,,,,,,,,,,,,,
245,9744,245,7640,,,,,,,,,,,,,,,,,,,,,,,,,,
246,9786,246,7656,,,,,,,,,,,,,,,,,,,,,,,,,,
247,9835,247,7671,,,,,,,,,,,,,,,,,,,,,,,,,,
248,9874,248,7684,,,,,,,,,,,,,,,,,,,,,,,,,,
249,9914,249,7697,,,,,,,,,,,,,,,,,,,,,,,,,,
250,9958,250,7713,,,,,,,,,,,,,,,,,,,,,,,,,,
251,9998,251,7726,,,,,,,,,,,,,,,,,,,,,,,,,,
252,10041,252,7738,,,,,,,,,,,,,,,,,,,,,,,,,,
253,10085,253,7752,,,,,,,,,,,,,,,,,,,,,,,,,,
254,10127,254,7767,,,,,,,,,,,,,,,,,,,,,,,,,,
255,10172,255,7780,,,,,,,,,,,,,,,,,,,,,,,,,,
256,10212,256,7795,,,,,,,,,,,,,,,,,,,,,,,,,,
257,10254,257,7811,,,,,,,,,,,,,,,,,,,,,,,,,,
258,10293,258,7823,,,,,,,,,,,,,,,,,,,,,,,,,,
259,10336,259,7839,,,,,,,,,,,,,,,,,,,,,,,,,,
260,10380,260,7849,,,,,,,,,,,,,,,,,,,,,,,,,,
261,10420,261,7865,,,,,,,,,,,,,,,,,,,,,,,,,,
262,10465,262,7880,,,,,,,,,,,,,,,,,,,,,,,,,,
263,10508,263,7893,,,,,,,,,,,,,,,,,,,,,,,,,,
264,10550,264,7909,,,,,,,,,,,,,,,,,,,,,,,,,,
265,10590,265,7922,,,,,,,,,,,,,,,,,,,,,,,,,,
266,10632,266,7937,,,,,,,,,,,,,,,,,,,,,,,,,,
267,10676,267,7950,,,,,,,,,,,,,,,,,,,,,,,,,,
268,10715,268,7962,,,,,,,,,,,,,,,,,,,,,,,,,,
269,10759,269,7980,,,,,,,,,,,,,,,,,,,,,,,,,,
270,10801,270,7993,,,,,,,,,,,,,,,,,,,,,,,,,,
271,10845,271,8005,,,,,,,,,,,,,,,,,,,,,,,,,,
272,10888,272,8023,,,,,,,,,,,,,,,,,,,,,,,,,,
273,10928,273,8038,,,,,,,,,,,,,,,,,,,,,,,,,,
274,10972,274,8051,,,,,,,,,,,,,,,,,,,,,,,,,,
275,11014,275,8064,,,,,,,,,,,,,,,,,,,,,,,,,,
276,11056,276,8079,,,,,,,,,,,,,,,,,,,,,,,,,,
277,11098,277,8094,,,,,,,,,,,,,,,,,,,,,,,,,,
278,11143,278,8105,,,,,,,,,,,,,,,,,,,,,,,,,,
279,11183,279,8118,,,,,,,,,,,,,,,,,,,,,,,,,,
280,11223,280,8134,,,,,,,,,,,,,,,,,,,,,,,,,,
281,11270,281,8149,,,,,,,,,,,,,,,,,,,,,,,,,,
282,11307,282,8162,,,,,,,,,,,,,,,,,,,,,,,,,,
283,11350,283,8178,,,,,,,,,,,,,,,,,,,,,,,,,,
284,11394,284,8191,,,,,,,,,,,,,,,,,,,,,,,,,,
285,11438,285,8206,,,,,,,,,,,,,,,,,,,,,,,,,,
286,11478,286,8216,,,,,,,,,,,,,,,,,,,,,,,,,,
287,11520,287,8231,,,,,,,,,,,,,,,,,,,,,,,,,,
288,11563,288,8247,,,,,,,,,,,,,,,,,,,,,,,,,,
289,11602,289,8263,,,,,,,,,,,,,,,,,,,,,,,,,,
290,11646,290,8276,,,,,,,,,,,,,,,,,,,,,,,,,,
291,11689,291,8289,,,,,,,,,,,,,,,,,,,,,,,,,,
292,11729,292,8304,,,,,,,,,,,,,,,,,,,,,,,,,,
293,11773,293,8317,,,,,,,,,,,,,,,,,,,,,,,,,,
294,11812,294,8332,,,,,,,,,,,,,,,,,,,,,,,,,,
295,11855,295,8345,,,,,,,,,,,,,,,,,,,,,,,,,,
296,11895,296,8361,,,,,,,,,,,,,,,,,,,,,,,,,,
297,11938,297,8374,,,,,,,,,,,,,,,,,,,,,,,,,,
298,11983,298,8385,,,,,,,,,,,,,,,,,,,,,,,,,,
299,12024,299,8400,,,,,,,,,,,,,,,,,,,,,,,,,,
300,12065,300,8415,,,,,,,,,,,,,,,,,,,,,,,,,,
301,12107,301,8430,,,,,,,,,,,,,,,,,,,,,,,,,,
302,12152,302,8445,,,,,,,,,,,,,,,,,,,,,,,,,,
303,12194,303,8458,,,,,,,,,,,,,,,,,,,,,,,,,,
304,12238,304,8473,,,,,,,,,,,,,,,,,,,,,,,,,,
305,12280,305,8487,,,,,,,,,,,,,,,,,,,,,,,,,,
306,12321,306,8502,,,,,,,,,,,,,,,,,,,,,,,,,,
307,12365,307,8514,,,,,,,,,,,,,,,,,,,,,,,,,,
308,12409,308,8527,,,,,,,,,,,,,,,,,,,,,,,,,,
309,12444,309,8541,,,,,,,,,,,,,,,,,,,,,,,,,,
310,12487,310,8556,,,,,,,,,,,,,,,,,,,,,,,,,,
311,12532,311,8571,,,,,,,,,,,,,,,,,,,,,,,,,,
312,12571,312,8585,,,,,,,,,,,,,,,,,,,,,,,,,,
313,12620,313,8598,,,,,,,,,,,,,,,,,,,,,,,,,,
314,12660,314,8612,,,,,,,,,,,,,,,,,,,,,,,,,,
315,12701,315,8625,,,,,,,,,,,,,,,,,,,,,,,,,,
316,12745,316,8638,,,,,,,,,,,,,,,,,,,,,,,,,,
317,12788,317,8654,,,,,,,,,,,,,,,,,,,,,,,,,,
318,12825,318,8666,,,,,,,,,,,,,,,,,,,,,,,,,,
319,12870,319,8679,,,,,,,,,,,,,,,,,,,,,,,,,,
320,12914,320,8697,,,,,,,,,,,,,,,,,,,,,,,,,,
321,12951,321,8708,,,,,,,,,,,,,,,,,,,,,,,,,,
322,12995,322,8723,,,,,,,,,,,,,,,,,,,,,,,,,,
323,13038,323,8736,,,,,,,,,,,,,,,,,,,,,,,,,,
324,13078,324,8750,,,,,,,,,,,,,,,,,,,,,,,,,,
325,13122,325,8762,,,,,,,,,,,,,,,,,,,,,,,,,,
326,13165,326,8778,,,,,,,,,,,,,,,,,,,,,,,,,,
327,13208,327,8791,,,,,,,,,,,,,,,,,,,,,,,,,,
328,13246,328,8804,,,,,,,,,,,,,,,,,,,,,,,,,,
329,13289,329,8820,,,,,,,,,,,,,,,,,,,,,,,,,,
330,13330,330,8835,,,,,,,,,,,,,,,,,,,,,,,,,,
331,13373,331,8848,,,,,,,,,,,,,,,,,,,,,,,,,,
332,13415,332,8864,,,,,,,,,,,,,,,,,,,,,,,,,,
333,13455,333,9001,,,,,,,,,,,,,,,,,,,,,,,,,,
334,13499,334,9021,,,,,,,,,,,,,,,,,,,,,,,,,,
335,13543,335,9035,,,,,,,,,,,,,,,,,,,,,,,,,,
336,13586,336,9050,,,,,,,,,,,,,,,,,,,,,,,,,,
337,13628,337,9063,,,,,,,,,,,,,,,,,,,,,,,,,,
338,13669,338,9078,,,,,,,,,,,,,,,,,,,,,,,,,,
339,13713,339,9094,,,,,,,,,,,,,,,,,,,,,,,,,,
340,13756,340,9109,,,,,,,,,,,,,,,,,,,,,,,,,,
341,13801,341,9123,,,,,,,,,,,,,,,,,,,,,,,,,,
342,13843,342,9133,,,,,,,,,,,,,,,,,,,,,,,,,,
343,13882,343,9155,,,,,,,,,,,,,,,,,,,,,,,,,,
344,13924,344,9171,,,,,,,,,,,,,,,,,,,,,,,,,,
345,13966,345,9185,,,,,,,,,,,,,,,,,,,,,,,,,,
346,14008,346,9201,,,,,,,,,,,,,,,,,,,,,,,,,,
347,14051,347,9211,,,,,,,,,,,,,,,,,,,,,,,,,,
348,14094,348,9231,,,,,,,,,,,,,,,,,,,,,,,,,,
349,14135,349,9246,,,,,,,,,,,,,,,,,,,,,,,,,,
350,14176,350,9259,,,,,,,,,,,,,,,,,,,,,,,,,,
351,14217,351,9272,,,,,,,,,,,,,,,,,,,,,,,,,,
352,14261,352,9290,,,,,,,,,,,,,,,,,,,,,,,,,,
353,14303,353,9305,,,,,,,,,,,,,,,,,,,,,,,,,,
354,14345,354,9316,,,,,,,,,,,,,,,,,,,,,,,,,,
355,14386,355,9332,,,,,,,,,,,,,,,,,,,,,,,,,,
356,14431,356,9348,,,,,,,,,,,,,,,,,,,,,,,,,,
357,14473,357,9361,,,,,,,,,,,,,,,,,,,,,,,,,,
358,14514,358,9374,,,,,,,,,,,,,,,,,,,,,,,,,,
359,14556,359,9390,,,,,,,,,,,,,,,,,,,,,,,,,,
360,14597,360,9403,,,,,,,,,,,,,,,,,,,,,,,,,,
361,14639,361,9418,,,,,,,,,,,,,,,,,,,,,,,,,,
362,14685,362,9431,,,,,,,,,,,,,,,,,,,,,,,,,,
363,14726,363,9447,,,,,,,,,,,,,,,,,,,,,,,,,,
364,14767,364,9462,,,,,,,,,,,,,,,,,,,,,,,,,,
365,14811,365,9477,,,,,,,,,,,,,,,,,,,,,,,,,,
366,14854,366,9493,,,,,,,,,,,,,,,,,,,,,,,,,,
367,14891,367,9505,,,,,,,,,,,,,,,,,,,,,,,,,,
368,14934,368,9520,,,,,,,,,,,,,,,,,,,,,,,,,,
369,14977,369,9533,,,,,,,,,,,,,,,,,,,,,,,,,,
370,15019,370,9548,,,,,,,,,,,,,,,,,,,,,,,,,,
371,15060,371,9556,,,,,,,,,,,,,,,,,,,,,,,,,,
372,15099,372,9572,,,,,,,,,,,,,,,,,,,,,,,,,,
373,15145,373,9585,,,,,,,,,,,,,,,,,,,,,,,,,,
374,15188,374,9598,,,,,,,,,,,,,,,,,,,,,,,,,,
375,15230,375,9613,,,,,,,,,,,,,,,,,,,,,,,,,,
376,15272,376,9625,,,,,,,,,,,,,,,,,,,,,,,,,,
377,15313,377,9638,,,,,,,,,,,,,,,,,,,,,,,,,,
378,15356,378,9653,,,,,,,,,,,,,,,,,,,,,,,,,,
379,15398,379,9668,,,,,,,,,,,,,,,,,,,,,,,,,,
380,15442,380,9678,,,,,,,,,,,,,,,,,,,,,,,,,,
381,15484,381,9691,,,,,,,,,,,,,,,,,,,,,,,,,,
382,15526,382,9702,,,,,,,,,,,,,,,,,,,,,,,,,,
383,15571,383,9712,,,,,,,,,,,,,,,,,,,,,,,,,,
384,15610,384,9720,,,,,,,,,,,,,,,,,,,,,,,,,,
385,15652,385,9733,,,,,,,,,,,,,,,,,,,,,,,,,,
386,15695,386,9746,,,,,,,,,,,,,,,,,,,,,,,,,,
387,15737,387,9754,,,,,,,,,,,,,,,,,,,,,,,,,,
388,15780,388,9767,,,,,,,,,,,,,,,,,,,,,,,,,,
389,15822,389,9775,,,,,,,,,,,,,,,,,,,,,,,,,,
390,15866,390,9786,,,,,,,,,,,,,,,,,,,,,,,,,,
391,15905,391,9796,,,,,,,,,,,,,,,,,,,,,,,,,,
392,15949,392,9804,,,,,,,,,,,,,,,,,,,,,,,,,,
393,15989,393,9816,,,,,,,,,,,,,,,,,,,,,,,,,,
394,16032,394,9827,,,,,,,,,,,,,,,,,,,,,,,,,,
395,16076,395,10005,,,,,,,,,,,,,,,,,,,,,,,,,,
396,16115,396,10033,,,,,,,,,,,,,,,,,,,,,,,,,,
397,16157,397,10043,,,,,,,,,,,,,,,,,,,,,,,,,,
398,16202,398,10073,,,,,,,,,,,,,,,,,,,,,,,,,,
399,16243,399,10084,,,,,,,,,,,,,,,,,,,,,,,,,,
400,16288,400,10099,,,,,,,,,,,,,,,,,,,,,,,,,,
401,16330,401,10114,,,,,,,,,,,,,,,,,,,,,,,,,,
402,16370,402,10125,,,,,,,,,,,,,,,,,,,,,,,,,,
403,16411,403,10153,,,,,,,,,,,,,,,,,,,,,,,,,,
404,16453,404,10169,,,,,,,,,,,,,,,,,,,,,,,,,,
405,16498,405,10298,,,,,,,,,,,,,,,,,,,,,,,,,,
406,16541,406,10313,,,,,,,,,,,,,,,,,,,,,,,,,,
407,16582,407,10326,,,,,,,,,,,,,,,,,,,,,,,,,,
408,16621,408,10336,,,,,,,,,,,,,,,,,,,,,,,,,,
409,16667,409,10382,,,,,,,,,,,,,,,,,,,,,,,,,,
410,16707,410,10440,,,,,,,,,,,,,,,,,,,,,,,,,,
411,16751,411,10450,,,,,,,,,,,,,,,,,,,,,,,,,,
412,16794,412,10462,,,,,,,,,,,,,,,,,,,,,,,,,,
413,16836,413,10475,,,,,,,,,,,,,,,,,,,,,,,,,,
414,16888,414,10486,,,,,,,,,,,,,,,,,,,,,,,,,,
415,16923,415,10498,,,,,,,,,,,,,,,,,,,,,,,,,,
416,16963,416,10511,,,,,,,,,,,,,,,,,,,,,,,,,,
417,17003,417,10549,,,,,,,,,,,,,,,,,,,,,,,,,,
418,17049,418,10681,,,,,,,,,,,,,,,,,,,,,,,,,,
419,17095,419,10708,,,,,,,,,,,,,,,,,,,,,,,,,,
420,17144,420,10719,,,,,,,,,,,,,,,,,,,,,,,,,,
421,17195,421,10749,,,,,,,,,,,,,,,,,,,,,,,,,,
422,17240,422,10763,,,,,,,,,,,,,,,,,,,,,,,,,,
423,17287,423,10775,,,,,,,,,,,,,,,,,,,,,,,,,,
424,17332,424,10786,,,,,,,,,,,,,,,,,,,,,,,,,,
425,17382,425,10799,,,,,,,,,,,,,,,,,,,,,,,,,,
426,17435,426,10826,,,,,,,,,,,,,,,,,,,,,,,,,,
427,17481,427,10839,,,,,,,,,,,,,,,,,,,,,,,,,,
428,17530,428,10977,,,,,,,,,,,,,,,,,,,,,,,,,,
429,17573,429,10990,,,,,,,,,,,,,,,,,,,,,,,,,,
430,17623,430,11000,,,,,,,,,,,,,,,,,,,,,,,,,,
431,17670,431,11014,,,,,,,,,,,,,,,,,,,,,,,,,,
432,17719,432,11059,,,,,,,,,,,,,,,,,,,,,,,,,,
433,17766,433,11072,,,,,,,,,,,,,,,,,,,,,,,,,,
434,17814,434,11083,,,,,,,,,,,,,,,,,,,,,,,,,,
435,17863,435,11098,,,,,,,,,,,,,,,,,,,,,,,,,,
436,17910,436,11133,,,,,,,,,,,,,,,,,,,,,,,,,,
437,17953,437,11144,,,,,,,,,,,,,,,,,,,,,,,,,,
438,18000,438,11171,,,,,,,,,,,,,,,,,,,,,,,,,,
439,18047,439,11184,,,,,,,,,,,,,,,,,,,,,,,,,,
440,18096,440,11270,,,,,,,,,,,,,,,,,,,,,,,,,,
441,18146,441,11359,,,,,,,,,,,,,,,,,,,,,,,,,,
442,18192,442,11384,,,,,,,,,,,,,,,,,,,,,,,,,,
443,18245,443,11397,,,,,,,,,,,,,,,,,,,,,,,,,,
444,18290,444,11454,,,,,,,,,,,,,,,,,,,,,,,,,,
445,18340,445,11471,,,,,,,,,,,,,,,,,,,,,,,,,,
446,18385,446,11513,,,,,,,,,,,,,,,,,,,,,,,,,,
447,18434,447,11525,,,,,,,,,,,,,,,,,,,,,,,,,,
448,18479,448,11538,,,,,,,,,,,,,,,,,,,,,,,,,,
449,18526,449,11551,,,,,,,,,,,,,,,,,,,,,,,,,,
450,18576,450,11562,,,,,,,,,,,,,,,,,,,,,,,,,,
451,18622,451,11575,,,,,,,,,,,,,,,,,,,,,,,,,,
452,18671,452,11588,,,,,,,,,,,,,,,,,,,,,,,,,,
453,18716,453,11601,,,,,,,,,,,,,,,,,,,,,,,,,,
454,18763,454,11695,,,,,,,,,,,,,,,,,,,,,,,,,,
455,18810,455,11720,,,,,,,,,,,,,,,,,,,,,,,,,,
456,18861,456,11734,,,,,,,,,,,,,,,,,,,,,,,,,,
457,18907,457,11804,,,,,,,,,,,,,,,,,,,,,,,,,,
458,18957,458,11815,,,,,,,,,,,,,,,,,,,,,,,,,,
459,19002,459,11827,,,,,,,,,,,,,,,,,,,,,,,,,,
460,19051,460,11840,,,,,,,,,,,,,,,,,,,,,,,,,,
461,19090,461,11858,,,,,,,,,,,,,,,,,,,,,,,,,,
462,19142,462,11867,,,,,,,,,,,,,,,,,,,,,,,,,,
463,19187,463,11880,,,,,,,,,,,,,,,,,,,,,,,,,,
464,19235,464,11896,,,,,,,,,,,,,,,,,,,,,,,,,,
465,19279,465,12028,,,,,,,,,,,,,,,,,,,,,,,,,,
466,19326,466,12058,,,,,,,,,,,,,,,,,,,,,,,,,,
467,19368,467,12071,,,,,,,,,,,,,,,,,,,,,,,,,,
468,19416,468,12101,,,,,,,,,,,,,,,,,,,,,,,,,,
469,19458,469,12117,,,,,,,,,,,,,,,,,,,,,,,,,,
470,19505,470,12129,,,,,,,,,,,,,,,,,,,,,,,,,,
471,19547,471,12141,,,,,,,,,,,,,,,,,,,,,,,,,,
472,19592,472,12154,,,,,,,,,,,,,,,,,,,,,,,,,,
473,19639,473,12184,,,,,,,,,,,,,,,,,,,,,,,,,,
474,19680,474,12197,,,,,,,,,,,,,,,,,,,,,,,,,,
475,19721,475,12325,,,,,,,,,,,,,,,,,,,,,,,,,,
476,19767,476,12332,,,,,,,,,,,,,,,,,,,,,,,,,,
477,19814,477,12345,,,,,,,,,,,,,,,,,,,,,,,,,,
478,19856,478,12361,,,,,,,,,,,,,,,,,,,,,,,,,,
479,19899,479,12409,,,,,,,,,,,,,,,,,,,,,,,,,,
480,19943,480,12466,,,,,,,,,,,,,,,,,,,,,,,,,,
481,19983,481,12477,,,,,,,,,,,,,,,,,,,,,,,,,,
482,20031,482,12489,,,,,,,,,,,,,,,,,,,,,,,,,,
483,20082,483,12505,,,,,,,,,,,,,,,,,,,,,,,,,,
484,20122,484,12517,,,,,,,,,,,,,,,,,,,,,,,,,,
485,20164,485,12533,,,,,,,,,,,,,,,,,,,,,,,,,,
486,20210,486,12575,,,,,,,,,,,,,,,,,,,,,,,,,,
,,487,12705,,,,,,,,,,,,,,,,,,,,,,,,,,
,,488,12732,,,,,,,,,,,,,,,,,,,,,,,,,,
,,489,12746,,,,,,,,,,,,,,,,,,,,,,,,,,
,,490,12772,,,,,,,,,,,,,,,,,,,,,,,,,,
,,491,12787,,,,,,,,,,,,,,,,,,,,,,,,,,
,,492,12805,,,,,,,,,,,,,,,,,,,,,,,,,,
,,493,12816,,,,,,,,,,,,,,,,,,,,,,,,,,
,,494,12830,,,,,,,,,,,,,,,,,,,,,,,,,,
,,495,12860,,,,,,,,,,,,,,,,,,,,,,,,,,
,,496,12875,,,,,,,,,,,,,,,,,,,,,,,,,,
,,497,13005,,,,,,,,,,,,,,,,,,,,,,,,,,
,,498,13015,,,,,,,,,,,,,,,,,,,,,,,,,,
,,499,13030,,,,,,,,,,,,,,,,,,,,,,,,,,
,,500,13043,,,,,,,,,,,,,,,,,,,,,,,,,,
,,501,13082,,,,,,,,,,,,,,,,,,,,,,,,,,
,,502,13092,,,,,,,,,,,,,,,,,,,,,,,,,,
,,503,13107,,,,,,,,,,,,,,,,,,,,,,,,,,
,,504,13120,,,,,,,,,,,,,,,,,,,,,,,,,,
,,505,13152,,,,,,,,,,,,,,,,,,,,,,,,,,
,,506,13167,,,,,,,,,,,,,,,,,,,,,,,,,,
,,507,13198,,,,,,,,,,,,,,,,,,,,,,,,,,
,,508,13213,,,,,,,,,,,,,,,,,,,,,,,,,,
,,509,13293,,,,,,,,,,,,,,,,,,,,,,,,,,
,,510,13385,,,,,,,,,,,,,,,,,,,,,,,,,,
,,511,13398,,,,,,,,,,,,,,,,,,,,,,,,,,
,,512,13413,,,,,,,,,,,,,,,,,,,,,,,,,,
,,513,13550,,,,,,,,,,,,,,,,,,,,,,,,,,
,,514,13557,,,,,,,,,,,,,,,,,,,,,,,,,,
,,515,13570,,,,,,,,,,,,,,,,,,,,,,,,,,
,,516,13583,,,,,,,,,,,,,,,,,,,,,,,,,,
,,517,13609,,,,,,,,,,,,,,,,,,,,,,,,,,
,,518,13631,,,,,,,,,,,,,,,,,,,,,,,,,,
,,519,13713,,,,,,,,,,,,,,,,,,,,,,,,,,
,,520,13726,,,,,,,,,,,,,,,,,,,,,,,,,,
,,521,13736,,,,,,,,,,,,,,,,,,,,,,,,,,
,,522,13749,,,,,,,,,,,,,,,,,,,,,,,,,,
,,523,13759,,,,,,,,,,,,,,,,,,,,,,,,,,
,,524,13772,,,,,,,,,,,,,,,,,,,,,,,,,,
,,525,13782,,,,,,,,,,,,,,,,,,,,,,,,,,
,,526,13798,,,,,,,,,,,,,,,,,,,,,,,,,,
,,527,13806,,,,,,,,,,,,,,,,,,,,,,,,,,
,,528,13819,,,,,,,,,,,,,,,,,,,,,,,,,,
,,529,13829,,,,,,,,,,,,,,,,,,,,,,,,,,
,,530,13859,,,,,,,,,,,,,,,,,,,,,,,,,,
,,531,13873,,,,,,,,,,,,,,,,,,,,,,,,,,
,,532,13886,,,,,,,,,,,,,,,,,,,,,,,,,,
,,533,13906,,,,,,,,,,,,,,,,,,,,,,,,,,
,,534,13926,,,,,,,,,,,,,,,,,,,,,,,,,,
,,535,13939,,,,,,,,,,,,,,,,,,,,,,,,,,
,,536,13959,,,,,,,,,,,,,,,,,,,,,,,,,,
,,537,13984,,,,,,,,,,,,,,,,,,,,,,,,,,
,,538,14005,,,,,,,,,,,,,,,,,,,,,,,,,,
,,539,14030,,,,,,,,,,,,,,,,,,,,,,,,,,
,,540,14047,,,,,,,,,,,,,,,,,,,,,,,,,,
,,541,14076,,,,,,,,,,,,,,,,,,,,,,,,,,
,,542,14096,,,,,,,,,,,,,,,,,,,,,,,,,,
,,543,14119,,,,,,,,,,,,,,,,,,,,,,,,,,
,,544,14134,,,,,,,,,,,,,,,,,,,,,,,,,,
,,545,14147,,,,,,,,,,,,,,,,,,,,,,,,,,
,,546,14155,,,,,,,,,,,,,,,,,,,,,,,,,,
,,547,14171,,,,,,,,,,,,,,,,,,,,,,,,,,
,,548,14251,,,,,,,,,,,,,,,,,,,,,,,,,,
,,549,14264,,,,,,,,,,,,,,,,,,,,,,,,,,
,,550,14279,,,,,,,,,,,,,,,,,,,,,,,,,,
,,551,14292,,,,,,,,,,,,,,,,,,,,,,,,,,
,,552,14310,,,,,,,,,,,,,,,,,,,,,,,,,,
,,553,14323,,,,,,,,,,,,,,,,,,,,,,,,,,
,,554,14338,,,,,,,,,,,,,,,,,,,,,,,,,,
,,555,14366,,,,,,,,,,,,,,,,,,,,,,,,,,
,,556,14389,,,,,,,,,,,,,,,,,,,,,,,,,,
,,557,14400,,,,,,,,,,,,,,,,,,,,,,,,,,
,,558,14417,,,,,,,,,,,,,,,,,,,,,,,,,,
,,559,14435,,,,,,,,,,,,,,,,,,,,,,,,,,
,,560,14456,,,,,,,,,,,,,,,,,,,,,,,,,,
,,561,14473,,,,,,,,,,,,,,,,,,,,,,,,,,
,,562,14481,,,,,,,,,,,,,,,,,,,,,,,,,,
,,563,14500,,,,,,,,,,,,,,,,,,,,,,,,,,
,,564,14533,,,,,,,,,,,,,,,,,,,,,,,,,,
,,565,14561,,,,,,,,,,,,,,,,,,,,,,,,,,
,,566,14571,,,,,,,,,,,,,,,,,,,,,,,,,,
,,567,14584,,,,,,,,,,,,,,,,,,,,,,,,,,
,,568,14597,,,,,,,,,,,,,,,,,,,,,,,,,,
,,569,14608,,,,,,,,,,,,,,,,,,,,,,,,,,
,,570,14636,,,,,,,,,,,,,,,,,,,,,,,,,,
,,571,14649,,,,,,,,,,,,,,,,,,,,,,,,,,
,,572,14665,,,,,,,,,,,,,,,,,,,,,,,,,,
,,573,14675,,,,,,,,,,,,,,,,,,,,,,,,,,
,,574,14706,,,,,,,,,,,,,,,,,,,,,,,,,,
,,575,14728,,,,,,,,,,,,,,,,,,,,,,,,,,
,,576,14736,,,,,,,,,,,,,,,,,,,,,,,,,,
,,577,14757,,,,,,,,,,,,,,,,,,,,,,,,,,
,,578,14775,,,,,,,,,,,,,,,,,,,,,,,,,,
,,579,14791,,,,,,,,,,,,,,,,,,,,,,,,,,
,,580,14807,,,,,,,,,,,,,,,,,,,,,,,,,,
,,581,14817,,,,,,,,,,,,,,,,,,,,,,,,,,
,,582,14842,,,,,,,,,,,,,,,,,,,,,,,,,,
,,583,14898,,,,,,,,,,,,,,,,,,,,,,,,,,
,,584,14908,,,,,,,,,,,,,,,,,,,,,,,,,,
,,585,14921,,,,,,,,,,,,,,,,,,,,,,,,,,
,,586,14935,,,,,,,,,,,,,,,,,,,,,,,,,,
,,587,14956,,,,,,,,,,,,,,,,,,,,,,,,,,
,,588,14971,,,,,,,,,,,,,,,,,,,,,,,,,,
,,589,14987,,,,,,,,,,,,,,,,,,,,,,,,,,
,,590,14992,,,,,,,,,,,,,,,,,,,,,,,,,,
,,591,15007,,,,,,,,,,,,,,,,,,,,,,,,,,
,,592,15033,,,,,,,,,,,,,,,,,,,,,,,,,,
,,593,15063,,,,,,,,,,,,,,,,,,,,,,,,,,
,,594,15076,,,,,,,,,,,,,,,,,,,,,,,,,,
,,595,15089,,,,,,,,,,,,,,,,,,,,,,,,,,
,,596,15102,,,,,,,,,,,,,,,,,,,,,,,,,,
,,597,15134,,,,,,,,,,,,,,,,,,,,,,,,,,
,,598,15148,,,,,,,,,,,,,,,,,,,,,,,,,,
,,599,15175,,,,,,,,,,,,,,,,,,,,,,,,,,
,,600,15237,,,,,,,,,,,,,,,,,,,,,,,,,,
,,601,15245,,,,,,,,,,,,,,,,,,,,,,,,,,
,,602,15255,,,,,,,,,,,,,,,,,,,,,,,,,,
,,603,15268,,,,,,,,,,,,,,,,,,,,,,,,,,
,,604,15279,,,,,,,,,,,,,,,,,,,,,,,,,,
,,605,15290,,,,,,,,,,,,,,,,,,,,,,,,,,
,,606,15300,,,,,,,,,,,,,,,,,,,,,,,,,,
,,607,15316,,,,,,,,,,,,,,,,,,,,,,,,,,
,,608,15326,,,,,,,,,,,,,,,,,,,,,,,,,,
,,609,15341,,,,,,,,,,,,,,,,,,,,,,,,,,
,,610,15357,,,,,,,,,,,,,,,,,,,,,,,,,,
,,611,15370,,,,,,,,,,,,,,,,,,,,,,,,,,
,,612,15383,,,,,,,,,,,,,,,,,,,,,,,,,,
,,613,15399,,,,,,,,,,,,,,,,,,,,,,,,,,
,,614,15422,,,,,,,,,,,,,,,,,,,,,,,,,,
,,615,15445,,,,,,,,,,,,,,,,,,,,,,,,,,
,,616,15463,,,,,,,,,,,,,,,,,,,,,,,,,,
,,617,15479,,,,,,,,,,,,,,,,,,,,,,,,,,
,,618,15492,,,,,,,,,,,,,,,,,,,,,,,,,,
,,619,15512,,,,,,,,,,,,,,,,,,,,,,,,,,
,,620,15574,,,,,,,,,,,,,,,,,,,,,,,,,,
,,621,15585,,,,,,,,,,,,,,,,,,,,,,,,,,
,,622,15595,,,,,,,,,,,,,,,,,,,,,,,,,,
,,623,15606,,,,,,,,,,,,,,,,,,,,,,,,,,
,,624,15616,,,,,,,,,,,,,,,,,,,,,,,,,,
,,625,15629,,,,,,,,,,,,,,,,,,,,,,,,,,
,,626,15645,,,,,,,,,,,,,,,,,,,,,,,,,,
,,627,15658,,,,,,,,,,,,,,,,,,,,,,,,,,
,,628,15668,,,,,,,,,,,,,,,,,,,,,,,,,,
,,629,15686,,,,,,,,,,,,,,,,,,,,,,,,,,
,,630,15701,,,,,,,,,,,,,,,,,,,,,,,,,,
,,631,15721,,,,,,,,,,,,,,,,,,,,,,,,,,
,,632,15739,,,,,,,,,,,,,,,,,,,,,,,,,,
,,633,15757,,,,,,,,,,,,,,,,,,,,,,,,,,
,,634,15765,,,,,,,,,,,,,,,,,,,,,,,,,,
,,635,15778,,,,,,,,,,,,,,,,,,,,,,,,,,
,,636,15801,,,,,,,,,,,,,,,,,,,,,,,,,,
,,637,15816,,,,,,,,,,,,,,,,,,,,,,,,,,
,,638,15827,,,,,,,,,,,,,,,,,,,,,,,,,,
,,639,15837,,,,,,,,,,,,,,,,,,,,,,,,,,
,,640,15853,,,,,,,,,,,,,,,,,,,,,,,,,,
,,641,15883,,,,,,,,,,,,,,,,,,,,,,,,,,
,,642,15909,,,,,,,,,,,,,,,,,,,,,,,,,,
,,643,15919,,,,,,,,,,,,,,,,,,,,,,,,,,
,,644,15929,,,,,,,,,,,,,,,,,,,,,,,,,,
,,645,15942,,,,,,,,,,,,,,,,,,,,,,,,,,
,,646,15968,,,,,,,,,,,,,,,,,,,,,,,,,,
,,647,15985,,,,,,,,,,,,,,,,,,,,,,,,,,
,,648,15998,,,,,,,,,,,,,,,,,,,,,,,,,,
,,649,16009,,,,,,,,,,,,,,,,,,,,,,,,,,
,,650,16022,,,,,,,,,,,,,,,,,,,,,,,,,,
,,651,16049,,,,,,,,,,,,,,,,,,,,,,,,,,
,,652,16074,,,,,,,,,,,,,,,,,,,,,,,,,,
,,653,16085,,,,,,,,,,,,,,,,,,,,,,,,,,
,,654,16100,,,,,,,,,,,,,,,,,,,,,,,,,,
,,655,16111,,,,,,,,,,,,,,,,,,,,,,,,,,
,,656,16133,,,,,,,,,,,,,,,,,,,,,,,,,,
,,657,16159,,,,,,,,,,,,,,,,,,,,,,,,,,
,,658,16172,,,,,,,,,,,,,,,,,,,,,,,,,,
,,659,16180,,,,,,,,,,,,,,,,,,,,,,,,,,
,,660,16198,,,,,,,,,,,,,,,,,,,,,,,,,,
,,661,16224,,,,,,,,,,,,,,,,,,,,,,,,,,
,,662,16241,,,,,,,,,,,,,,,,,,,,,,,,,,
,,663,16251,,,,,,,,,,,,,,,,,,,,,,,,,,
,,664,16267,,,,,,,,,,,,,,,,,,,,,,,,,,
,,665,16275,,,,,,,,,,,,,,,,,,,,,,,,,,
,,666,16290,,,,,,,,,,,,,,,,,,,,,,,,,,
,,667,16321,,,,,,,,,,,,,,,,,,,,,,,,,,
,,668,16333,,,,,,,,,,,,,,,,,,,,,,,,,,
,,669,16346,,,,,,,,,,,,,,,,,,,,,,,,,,
,,670,16359,,,,,,,,,,,,,,,,,,,,,,,,,,
,,671,16390,,,,,,,,,,,,,,,,,,,,,,,,,,
,,672,16413,,,,,,,,,,,,,,,,,,,,,,,,,,
,,673,16426,,,,,,,,,,,,,,,,,,,,,,,,,,
,,674,16436,,,,,,,,,,,,,,,,,,,,,,,,,,
,,675,16450,,,,,,,,,,,,,,,,,,,,,,,,,,
,,676,16473,,,,,,,,,,,,,,,,,,,,,,,,,,
,,677,16497,,,,,,,,,,,,,,,,,,,,,,,,,,
,,678,16507,,,,,,,,,,,,,,,,,,,,,,,,,,
,,679,16517,,,,,,,,,,,,,,,,,,,,,,,,,,
,,680,16530,,,,,,,,,,,,,,,,,,,,,,,,,,
,,681,16561,,,,,,,,,,,,,,,,,,,,,,,,,,
,,682,16581,,,,,,,,,,,,,,,,,,,,,,,,,,
,,683,16594,,,,,,,,,,,,,,,,,,,,,,,,,,
,,684,16604,,,,,,,,,,,,,,,,,,,,,,,,,,
,,685,16615,,,,,,,,,,,,,,,,,,,,,,,,,,
,,686,16643,,,,,,,,,,,,,,,,,,,,,,,,,,
,,687,16664,,,,,,,,,,,,,,,,,,,,,,,,,,
,,688,16675,,,,,,,,,,,,,,,,,,,,,,,,,,
,,689,16688,,,,,,,,,,,,,,,,,,,,,,,,,,
,,690,16701,,,,,,,,,,,,,,,,,,,,,,,,,,
,,691,16731,,,,,,,,,,,,,,,,,,,,,,,,,,
,,692,16752,,,,,,,,,,,,,,,,,,,,,,,,,,
,,693,16762,,,,,,,,,,,,,,,,,,,,,,,,,,
,,694,16777,,,,,,,,,,,,,,,,,,,,,,,,,,
,,695,16795,,,,,,,,,,,,,,,,,,,,,,,,,,
,,696,16824,,,,,,,,,,,,,,,,,,,,,,,,,,
,,697,16836,,,,,,,,,,,,,,,,,,,,,,,,,,
,,698,16852,,,,,,,,,,,,,,,,,,,,,,,,,,
,,699,16865,,,,,,,,,,,,,,,,,,,,,,,,,,
,,700,16873,,,,,,,,,,,,,,,,,,,,,,,,,,
,,701,16886,,,,,,,,,,,,,,,,,,,,,,,,,,
,,702,16914,,,,,,,,,,,,,,,,,,,,,,,,,,
,,703,16927,,,,,,,,,,,,,,,,,,,,,,,,,,
,,704,16994,,,,,,,,,,,,,,,,,,,,,,,,,,
,,705,17010,,,,,,,,,,,,,,,,,,,,,,,,,,
,,706,17060,,,,,,,,,,,,,,,,,,,,,,,,,,
,,707,17110,,,,,,,,,,,,,,,,,,,,,,,,,,
,,708,17136,,,,,,,,,,,,,,,,,,,,,,,,,,
,,709,17163,,,,,,,,,,,,,,,,,,,,,,,,,,
,,710,17173,,,,,,,,,,,,,,,,,,,,,,,,,,
,,711,17184,,,,,,,,,,,,,,,,,,,,,,,,,,
,,712,17194,,,,,,,,,,,,,,,,,,,,,,,,,,
,,713,17254,,,,,,,,,,,,,,,,,,,,,,,,,,
,,714,17301,,,,,,,,,,,,,,,,,,,,,,,,,,
,,715,17324,,,,,,,,,,,,,,,,,,,,,,,,,,
,,716,17347,,,,,,,,,,,,,,,,,,,,,,,,,,
,,717,17372,,,,,,,,,,,,,,,,,,,,,,,,,,
,,718,17401,,,,,,,,,,,,,,,,,,,,,,,,,,
,,719,17444,,,,,,,,,,,,,,,,,,,,,,,,,,
,,720,17493,,,,,,,,,,,,,,,,,,,,,,,,,,
,,721,17514,,,,,,,,,,,,,,,,,,,,,,,,,,
,,722,17539,,,,,,,,,,,,,,,,,,,,,,,,,,
,,723,17547,,,,,,,,,,,,,,,,,,,,,,,,,,
,,724,17564,,,,,,,,,,,,,,,,,,,,,,,,,,
,,725,17578,,,,,,,,,,,,,,,,,,,,,,,,,,
,,726,17684,,,,,,,,,,,,,,,,,,,,,,,,,,
,,727,17694,,,,,,,,,,,,,,,,,,,,,,,,,,
,,728,17709,,,,,,,,,,,,,,,,,,,,,,,,,,
,,729,17721,,,,,,,,,,,,,,,,,,,,,,,,,,
,,730,17734,,,,,,,,,,,,,,,,,,,,,,,,,,
,,731,17745,,,,,,,,,,,,,,,,,,,,,,,,,,
,,732,17764,,,,,,,,,,,,,,,,,,,,,,,,,,
,,733,17780,,,,,,,,,,,,,,,,,,,,,,,,,,
,,734,17792,,,,,,,,,,,,,,,,,,,,,,,,,,
,,735,17806,,,,,,,,,,,,,,,,,,,,,,,,,,
,,736,17817,,,,,,,,,,,,,,,,,,,,,,,,,,
,,737,17827,,,,,,,,,,,,,,,,,,,,,,,,,,
,,738,17843,,,,,,,,,,,,,,,,,,,,,,,,,,
,,739,17858,,,,,,,,,,,,,,,,,,,,,,,,,,
,,740,17866,,,,,,,,,,,,,,,,,,,,,,,,,,
,,741,17895,,,,,,,,,,,,,,,,,,,,,,,,,,
,,742,17918,,,,,,,,,,,,,,,,,,,,,,,,,,
,,743,17934,,,,,,,,,,,,,,,,,,,,,,,,,,
,,744,17942,,,,,,,,,,,,,,,,,,,,,,,,,,
,,745,17991,,,,,,,,,,,,,,,,,,,,,,,,,,
,,746,18015,,,,,,,,,,,,,,,,,,,,,,,,,,
,,747,18033,,,,,,,,,,,,,,,,,,,,,,,,,,
,,748,18059,,,,,,,,,,,,,,,,,,,,,,,,,,
,,749,18085,,,,,,,,,,,,,,,,,,,,,,,,,,
,,750,18108,,,,,,,,,,,,,,,,,,,,,,,,,,
,,751,18131,,,,,,,,,,,,,,,,,,,,,,,,,,
,,752,18155,,,,,,,,,,,,,,,,,,,,,,,,,,
,,753,18200,,,,,,,,,,,,,,,,,,,,,,,,,,
,,754,18251,,,,,,,,,,,,,,,,,,,,,,,,,,
,,755,18268,,,,,,,,,,,,,,,,,,,,,,,,,,
,,756,18296,,,,,,,,,,,,,,,,,,,,,,,,,,
,,757,18309,,,,,,,,,,,,,,,,,,,,,,,,,,
,,758,18319,,,,,,,,,,,,,,,,,,,,,,,,,,
,,759,18332,,,,,,,,,,,,,,,,,,,,,,,,,,
,,760,18388,,,,,,,,,,,,,,,,,,,,,,,,,,
,,761,18438,,,,,,,,,,,,,,,,,,,,,,,,,,
,,762,18461,,,,,,,,,,,,,,,,,,,,,,,,,,
,,763,18483,,,,,,,,,,,,,,,,,,,,,,,,,,
,,764,18509,,,,,,,,,,,,,,,,,,,,,,,,,,
,,765,18535,,,,,,,,,,,,,,,,,,,,,,,,,,
,,766,18584,,,,,,,,,,,,,,,,,,,,,,,,,,
,,767,18625,,,,,,,,,,,,,,,,,,,,,,,,,,
,,768,18653,,,,,,,,,,,,,,,,,,,,,,,,,,
,,769,18673,,,,,,,,,,,,,,,,,,,,,,,,,,
,,770,18687,,,,,,,,,,,,,,,,,,,,,,,,,,
,,771,18697,,,,,,,,,,,,,,,,,,,,,,,,,,
,,772,18710,,,,,,,,,,,,,,,,,,,,,,,,,,
,,773,18816,,,,,,,,,,,,,,,,,,,,,,,,,,
,,774,18829,,,,,,,,,,,,,,,,,,,,,,,,,,
,,775,18837,,,,,,,,,,,,,,,,,,,,,,,,,,
,,776,18852,,,,,,,,,,,,,,,,,,,,,,,,,,
,,777,18865,,,,,,,,,,,,,,,,,,,,,,,,,,
,,778,18878,,,,,,,,,,,,,,,,,,,,,,,,,,
,,779,18901,,,,,,,,,,,,,,,,,,,,,,,,,,
,,780,18914,,,,,,,,,,,,,,,,,,,,,,,,,,
,,781,18926,,,,,,,,,,,,,,,,,,,,,,,,,,
,,782,18937,,,,,,,,,,,,,,,,,,,,,,,,,,
,,783,18949,,,,,,,,,,,,,,,,,,,,,,,,,,
,,784,18960,,,,,,,,,,,,,,,,,,,,,,,,,,
,,785,18972,,,,,,,,,,,,,,,,,,,,,,,,,,
,,786,18990,,,,,,,,,,,,,,,,,,,,,,,,,,
,,787,19001,,,,,,,,,,,,,,,,,,,,,,,,,,
,,788,19027,,,,,,,,,,,,,,,,,,,,,,,,,,
,,789,19054,,,,,,,,,,,,,,,,,,,,,,,,,,
,,790,19074,,,,,,,,,,,,,,,,,,,,,,,,,,
,,791,19082,,,,,,,,,,,,,,,,,,,,,,,,,,
,,792,19117,,,,,,,,,,,,,,,,,,,,,,,,,,
,,793,19137,,,,,,,,,,,,,,,,,,,,,,,,,,
,,794,19158,,,,,,,,,,,,,,,,,,,,,,,,,,
,,795,19183,,,,,,,,,,,,,,,,,,,,,,,,,,
,,796,19201,,,,,,,,,,,,,,,,,,,,,,,,,,
,,797,19219,,,,,,,,,,,,,,,,,,,,,,,,,,
,,798,19237,,,,,,,,,,,,,,,,,,,,,,,,,,
,,799,19264,,,,,,,,,,,,,,,,,,,,,,,,,,
,,800,19304,,,,,,,,,,,,,,,,,,,,,,,,,,
,,801,19352,,,,,,,,,,,,,,,,,,,,,,,,,,
,,802,19372,,,,,,,,,,,,,,,,,,,,,,,,,,
,,803,19390,,,,,,,,,,,,,,,,,,,,,,,,,,
,,804,19398,,,,,,,,,,,,,,,,,,,,,,,,,,
,,805,19409,,,,,,,,,,,,,,,,,,,,,,,,,,
,,806,19421,,,,,,,,,,,,,,,,,,,,,,,,,,
,,807,19503,,,,,,,,,,,,,,,,,,,,,,,,,,
,,808,19523,,,,,,,,,,,,,,,,,,,,,,,,,,
,,809,19538,,,,,,,,,,,,,,,,,,,,,,,,,,
,,810,19557,,,,,,,,,,,,,,,,,,,,,,,,,,
,,811,19574,,,,,,,,,,,,,,,,,,,,,,,,,,
,,812,19612,,,,,,,,,,,,,,,,,,,,,,,,,,
,,813,19646,,,,,,,,,,,,,,,,,,,,,,,,,,
,,814,19659,,,,,,,,,,,,,,,,,,,,,,,,,,
,,815,19677,,,,,,,,,,,,,,,,,,,,,,,,,,
,,816,19688,,,,,,,,,,,,,,,,,,,,,,,,,,
,,817,19698,,,,,,,,,,,,,,,,,,,,,,,,,,
,,818,19706,,,,,,,,,,,,,,,,,,,,,,,,,,
,,819,19770,,,,,,,,,,,,,,,,,,,,,,,,,,
,,820,19778,,,,,,,,,,,,,,,,,,,,,,,,,,
,,821,19788,,,,,,,,,,,,,,,,,,,,,,,,,,
,,822,19799,,,,,,,,,,,,,,,,,,,,,,,,,,
,,823,19815,,,,,,,,,,,,,,,,,,,,,,,,,,
,,824,19827,,,,,,,,,,,,,,,,,,,,,,,,,,
,,825,19840,,,,,,,,,,,,,,,,,,,,,,,,,,
,,826,19851,,,,,,,,,,,,,,,,,,,,,,,,,,
,,827,19861,,,,,,,,,,,,,,,,,,,,,,,,,,
,,828,19876,,,,,,,,,,,,,,,,,,,,,,,,,,
,,829,19887,,,,,,,,,,,,,,,,,,,,,,,,,,
,,830,19899,,,,,,,,,,,,,,,,,,,,,,,,,,
,,831,19907,,,,,,,,,,,,,,,,,,,,,,,,,,
,,832,19923,,,,,,,,,,,,,,,,,,,,,,,,,,
,,833,19931,,,,,,,,,,,,,,,,,,,,,,,,,,
,,834,19942,,,,,,,,,,,,,,,,,,,,,,,,,,
,,835,19950,,,,,,,,,,,,,,,,,,,,,,,,,,
,,836,19960,,,,,,,,,,,,,,,,,,,,,,,,,,
,,837,19970,,,,,,,,,,,,,,,,,,,,,,,,,,
,,838,20099,,,,,,,,,,,,,,,,,,,,,,,,,,
,,839,20114,,,,,,,,,,,,,,,,,,,,,,,,,,
,,840,20129,,,,,,,,,,,,,,,,,,,,,,,,,,
,,841,20145,,,,,,,,,,,,,,,,,,,,,,,,,,
,,842,20173,,,,,,,,,,,,,,,,,,,,,,,,,,
,,843,20193,,,,,,,,,,,,,,,,,,,,,,,,,,
,,844,20216,,,,,,,,,,,,,,,,,,,,,,,,,,
0,FAST_MIDDLE,2,0,10,10,0,0,20,WEST,83,FAST_MIDDLE,5,0,10,10,0,0,30,WEST,0,SLOW_MIDDLE,5,0,10,10,0,0,30,SOUTH
1,FAST_MIDDLE,2,0,10,10,0,0,20,SOUTH,84,FAST_MIDDLE,-1,-1,10,10,0,0,30,SOUTH,7,FAST_MIDDLE,-1,-1,10,10,0,0,30,WEST
2,FAST_MIDDLE,2,0,10,10,0,0,20,NORTH_EAST,85,FAST_MIDDLE,-4,1,10,10,0,0,30,NORTH_EAST,11,SLOW_SMALL,-4,1,10,10,0,0,30,NORTH_EAST
3,FAST_MIDDLE,2,0,10,10,0,0,20,SOUTH_WEST,86,FAST_MIDDLE,-4,2,10,10,0,0,30,SOUTH_WEST,16,SLOW_SMALL,-4,2,10,10,0,0,30,SOUTH_WEST
4,FAST_MIDDLE,2,0,10,10,0,0,20,EAST,87,FAST_MIDDLE,0,3,10,10,0,0,30,SOUTH,23,FAST_MIDDLE,0,3,10,10,0,0,30,SOUTH
5,FAST_MIDDLE,2,0,10,10,0,0,20,WEST,88,FAST_MIDDLE,2,-2,10,10,0,0,30,WEST,26,SLOW_MIDDLE,2,-2,10,10,0,0,30,WEST
6,FAST_MIDDLE,2,0,10,10,0,0,20,NORTH_EAST,89,FAST_MIDDLE,2,4,10,10,0,0,30,NORTH_EAST,30,SLOW_MIDDLE,2,4,10,10,0,0,30,NORTH_EAST
7,FAST_MIDDLE,2,0,10,10,0,0,20,SOUTH_WEST,90,FAST_MIDDLE,2,4,10,10,0,0,30,SOUTH_WEST,30,SLOW_MIDDLE,2,4,10,10,0,0,30,NORTH_EAST
8,FAST_MIDDLE,2,0,10,10,0,0,20,CENTER,91,FAST_MIDDLE,-4,6,10,10,0,0,30,CENTER,32,SLOW_MIDDLE,-4,6,10,10,0,0,30,SOUTH_WEST
9,FAST_MIDDLE,2,0,10,10,0,0,20,SOUTH,92,FAST_MIDDLE,-4,6,10,10,0,0,30,SOUTH,32,SLOW_MIDDLE,-4,6,10,10,0,0,30,SOUTH_WEST
10,FAST_MIDDLE,2,0,10,10,0,0,20,EAST,93,FAST_MIDDLE,3,2,10,10,0,0,30,EAST,36,SLOW_MIDDLE,-4,5,10,10,0,0,30,SOUTH
11,FAST_MIDDLE,2,0,10,10,0,0,20,WEST,94,FAST_MIDDLE,0,3,10,10,0,0,30,WEST,36,SLOW_MIDDLE,-4,5,10,10,0,0,30,SOUTH
12,FAST_MIDDLE,2,0,10,10,0,0,20,SOUTH,95,FAST_MIDDLE,-3,4,10,10,0,0,30,SOUTH,36,SLOW_MIDDLE,-4,5,10,10,0,0,30,SOUTH
13,FAST_MIDDLE,2,0,10,10,0,0,20,NORTH_WEST,96,FAST_MIDDLE,1,5,10,10,0,0,30,NORTH_WEST,39,FAST_MIDDLE,0,2,10,10,0,0,30,WEST
14,FAST_MIDDLE,2,0,10,10,0,0,20,SOUTH,97,FAST_MIDDLE,3,4,10,10,0,0,30,SOUTH,39,FAST_MIDDLE,0,2,10,10,0,0,30,WEST
15,FAST_MIDDLE,2,0,10,10,0,0,20,EAST,98,FAST_MIDDLE,2,3,10,10,0,0,30,EAST,39,FAST_MIDDLE,0,2,10,10,0,0,30,WEST
16,FAST_MIDDLE,2,0,10,10,0,0,20,SOUTH_WEST,99,FAST_MIDDLE,4,2,10,10,0,0,30,SOUTH_WEST,39,FAST_MIDDLE,0,2,10,10,0,0,30,WEST
17,FAST_MIDDLE,2,0,10,10,0,0,20,EAST,96,FAST_MIDDLE,1,5,10,10,0,0,30,NORTH_WEST,39,FAST_MIDDLE,0,2,10,10,0,0,30,WEST
18,FAST_MIDDLE,2,0,10,10,0,0,20,WEST,96,FAST_MIDDLE,1,5,10,10,0,0,30,NORTH_WEST,39,FAST_MIDDLE,0,2,10,10,0,0,30,WEST
19,FAST_MIDDLE,2,0,10,10,0,0,20,CENTER,96,FAST_MIDDLE,1,5,10,10,0,0,30,NORTH_WEST,39,FAST_MIDDLE,0,2,10,10,0,0,30,WEST
20,FAST_MIDDLE,2,0,10,10,0,0,20,NORTH,96,FAST_MIDDLE,1,5,10,10,0,0,30,NORTH_WEST,39,FAST_MIDDLE,0,2,10,10,0,0,30,WEST
21,FAST_MIDDLE,2,0,10,10,0,0,20,CENTER,97,FAST_MIDDLE,3,4,10,10,0,0,30,SOUTH,39,FAST_MIDDLE,0,2,10,10,0,0,30,WEST
22,FAST_MIDDLE,2,0,10,10,0,0,20,SOUTH_WEST,98,FAST_MIDDLE,2,3,10,10,0,0,30,EAST,39,FAST_MIDDLE,0,2,10,10,0,0,30,WEST
23,FAST_MIDDLE,2,0,10,10,0,0,20,SOUTH_EAST,98,FAST_MIDDLE,2,3,10,10,0,0,30,EAST,39,FAST_MIDDLE,0,2,10,10,0,0,30,WEST
24,FAST_MIDDLE,2,0,10,10,0,0,20,CENTER,99,FAST_MIDDLE,4,2,10,10,0,0,30,SOUTH_WEST,39,FAST_MIDDLE,0,2,10,10,0,0,30,WEST
25,FAST_MIDDLE,2,0,10,10,0,0,20,SOUTH,99,FAST_MIDDLE,4,2,10,10,0,0,30,SOUTH_WEST,39,FAST_MIDDLE,0,2,10,10,0,0,30,WEST
26,FAST_MIDDLE,2,0,10,10,0,0,20,CENTER,96,FAST_MIDDLE,1,5,10,10,0,0,30,NORTH_WEST,39,FAST_MIDDLE,0,2,10,10,0,0,30,WEST
27,FAST_MIDDLE,2,0,10,10,0,0,20,CENTER,96,FAST_MIDDLE,1,5,10,10,0,0,30,NORTH_WEST,39,FAST_MIDDLE,0,2,10,10,0,0,30,WEST
28,FAST_MIDDLE,2,0,10,10,0,0,20,CENTER,96,FAST_MIDDLE,1,5,10,10,0,0,30,NORTH_WEST,39,FAST_MIDDLE,0,2,10,10,0,0,30,WEST
29,FAST_MIDDLE,2,0,10,10,0,0,20,SOUTH_WEST,97,FAST_MIDDLE,3,4,10,10,0,0,30,SOUTH,39,FAST_MIDDLE,0,2,10,10,0,0,30,WEST
30,FAST_MIDDLE,2,0,10,10,0,0,20,SOUTH_WEST,99,FAST_MIDDLE,4,2,10,10,0,0,30,SOUTH_WEST,39,FAST_MIDDLE,0,2,10,10,0,0,30,WEST
31,FAST_MIDDLE,2,0,10,10,0,0,20,NORTH_WEST,96,FAST_MIDDLE,1,5,10,10,0,0,30,NORTH_WEST,39,FAST_MIDDLE,0,2,10,10,0,0,30,WEST
32,FAST_MIDDLE,2,0,10,10,0,0,20,SOUTH,97,FAST_MIDDLE,3,4,10,10,0,0,30,SOUTH,39,FAST_MIDDLE,0,2,10,10,0,0,30,WEST
33,FAST_MIDDLE,2,0,10,10,0,0,20,EAST,98,FAST_MIDDLE,2,3,10,10,0,0,30,EAST,39,FAST_MIDDLE,0,2,10,10,0,0,30,WEST
34,FAST_MIDDLE,2,0,10,10,0,0,20,WEST,96,FAST_MIDDLE,1,5,10,10,0,0,30,NORTH_WEST,39,FAST_MIDDLE,0,2,10,10,0,0,30,WEST
35,FAST_MIDDLE,2,0,10,10,0,0,20,WEST,98,FAST_MIDDLE,2,3,10,10,0,0,30,EAST,39,FAST_MIDDLE,0,2,10,10,0,0,30,WEST
36,FAST_MIDDLE,2,0,10,10,0,0,20,NORTH_WEST,96,FAST_MIDDLE,1,5,10,10,0,0,30,NORTH_WEST,39,FAST_MIDDLE,0,2,10,10,0,0,30,WEST
37,FAST_MIDDLE,2,0,10,10,0,0,20,SOUTH,97,FAST_MIDDLE,3,4,10,10,0,0,30,SOUTH,39,FAST_MIDDLE,0,2,10,10,0,0,30,WEST
38,FAST_MIDDLE,2,0,10,10,0,0,20,EAST,98,FAST_MIDDLE,2,3,10,10,0,0,30,EAST,39,FAST_MIDDLE,0,2,10,10,0,0,30,WEST
39,FAST_MIDDLE,2,0,10,10,0,0,20,SOUTH_WEST,99,FAST_MIDDLE,4,2,10,10,0,0,30,SOUTH_WEST,39,FAST_MIDDLE,0,2,10,10,0,0,30,WEST
40,FAST_MIDDLE,2,0,10,10,0,0,20,NORTH_WEST,96,FAST_MIDDLE,1,5,10,10,0,0,30,NORTH_WEST,39,FAST_MIDDLE,0,2,10,10,0,0,30,WEST
41,FAST_MIDDLE,2,0,10,10,0,0,20,SOUTH,97,FAST_MIDDLE,3,4,10,10,0,0,30,SOUTH,39,FAST_MIDDLE,0,2,10,10,0,0,30,WEST
42,FAST_MIDDLE,2,0,10,10,0,0,20,EAST,98,FAST_MIDDLE,2,3,10,10,0,0,30,EAST,39,FAST_MIDDLE,0,2,10,10,0,0,30,WEST
43,FAST_MIDDLE,2,0,10,10,0,0,20,SOUTH_WEST,99,FAST_MIDDLE,4,2,10,10,0,0,30,SOUTH_WEST,39,FAST_MIDDLE,0,2,10,10,0,0,30,WEST
44,FAST_MIDDLE,2,0,10,10,0,0,20,NORTH_WEST,96,FAST_MIDDLE,1,5,10,10,0,0,30,NORTH_WEST,39,FAST_MIDDLE,0,2,10,10,0,0,30,WEST
45,FAST_MIDDLE,2,0,10,10,0,0,20,SOUTH,97,FAST_MIDDLE,3,4,10,10,0,0,30,SOUTH,39,FAST_MIDDLE,0,2,10,10,0,0,30,WEST
46,FAST_MIDDLE,2,0,10,10,0,0,20,EAST,98,FAST_MIDDLE,2,3,10,10,0,0,30,EAST,39,FAST_MIDDLE,0,2,10,10,0,0,30,WEST
47,FAST_MIDDLE,2,0,10,10,0,0,20,SOUTH_WEST,99,FAST_MIDDLE,4,2,10,10,0,0,30,SOUTH_WEST,39,FAST_MIDDLE,0,2,10,10,0,0,30,WEST
48,FAST_MIDDLE,2,0,10,10,0,0,20,CENTER,96,FAST_MIDDLE,1,5,10,10,0,0,30,NORTH_WEST,39,FAST_MIDDLE,0,2,10,10,0,0,30,WEST
49,FAST_MIDDLE,2,0,10,10,0,0,20,CENTER,96,FAST_MIDDLE,1,5,10,10,0,0,30,NORTH_WEST,39,FAST_MIDDLE,0,2,10,10,0,0,30,WEST
50,FAST_MIDDLE,2,0,10,10,0,0,20,NORTH_WEST,96,FAST_MIDDLE,1,5,10,10,0,0,30,NORTH_WEST,39,FAST_MIDDLE,0,2,10,10,0,0,30,WEST
51,FAST_MIDDLE,2,0,10,10,0,0,20,SOUTH,97,FAST_MIDDLE,3,4,10,10,0,0,30,SOUTH,39,FAST_MIDDLE,0,2,10,10,0,0,30,WEST
52,FAST_MIDDLE,2,0,10,10,0,0,20,EAST,98,FAST_MIDDLE,2,3,10,10,0,0,30,EAST,39,FAST_MIDDLE,0,2,10,10,0,0,30,WEST
53,FAST_MIDDLE,2,0,10,10,0,0,20,SOUTH_WEST,99,FAST_MIDDLE,4,2,10,10,0,0,30,SOUTH_WEST,39,FAST_MIDDLE,0,2,10,10,0,0,30,WEST
54,FAST_MIDDLE,2,0,10,10,0,0,20,NORTH_WEST,96,FAST_MIDDLE,1,5,10,10,0,0,30,NORTH_WEST,39,FAST_MIDDLE,0,2,10,10,0,0,30,WEST
55,FAST_MIDDLE,2,0,10,10,0,0,20,SOUTH,97,FAST_MIDDLE,3,4,10,10,0,0,30,SOUTH,39,FAST_MIDDLE,0,2,10,10,0,0,30,WEST
56,FAST_MIDDLE,2,0,10,10,0,0,20,EAST,98,FAST_MIDDLE,2,3,10,10,0,0,30,EAST,39,FAST_MIDDLE,0,2,10,10,0,0,30,WEST
57,FAST_MIDDLE,2,0,10,10,0,0,20,SOUTH_WEST,99,FAST_MIDDLE,4,2,10,10,0,0,30,SOUTH_WEST,39,FAST_MIDDLE,0,2,10,10,0,0,30,WEST
58,FAST_MIDDLE,2,0,10,10,0,0,20,CENTER,96,FAST_MIDDLE,1,5,10,10,0,0,30,NORTH_WEST,39,FAST_MIDDLE,0,2,10,10,0,0,30,WEST
59,FAST_MIDDLE,2,0,10,10,0,0,20,CENTER,96,FAST_MIDDLE,1,5,10,10,0,0,30,NORTH_WEST,39,FAST_MIDDLE,0,2,10,10,0,0,30,WEST
60,FAST_MIDDLE,2,0,10,10,0,0,20,NORTH_WEST,96,FAST_MIDDLE,1,5,10,10,0,0,30,NORTH_WEST,39,FAST_MIDDLE,0,2,10,10,0,0,30,WEST
61,FAST_MIDDLE,2,0,10,10,0,0,20,SOUTH,97,FAST_MIDDLE,3,4,10,10,0,0,30,SOUTH,39,FAST_MIDDLE,0,2,10,10,0,0,30,WEST
62,FAST_MIDDLE,2,0,10,10,0,0,20,EAST,98,FAST_MIDDLE,2,3,10,10,0,0,30,EAST,39,FAST_MIDDLE,0,2,10,10,0,0,30,WEST
63,FAST_MIDDLE,2,0,10,10,0,0,20,SOUTH_WEST,99,FAST_MIDDLE,4,2,10,10,0,0,30,SOUTH_WEST,39,FAST_MIDDLE,0,2,10,10,0,0,30,WEST
64,FAST_MIDDLE,2,0,10,10,0,0,20,NORTH_WEST,96,FAST_MIDDLE,1,5,10,10,0,0,30,NORTH_WEST,39,FAST_MIDDLE,0,2,10,10,0,0,30,WEST
65,FAST_MIDDLE,2,0,10,10,0,0,20,SOUTH,97,FAST_MIDDLE,3,4,10,10,0,0,30,SOUTH,39,FAST_MIDDLE,0,2,10,10,0,0,30,WEST
66,FAST_MIDDLE,2,0,10,10,0,0,20,EAST,98,FAST_MIDDLE,2,3,10,10,0,0,30,EAST,39,FAST_MIDDLE,0,2,10,10,0,0,30,WEST
67,FAST_MIDDLE,2,0,10,10,0,0,20,SOUTH_WEST,99,FAST_MIDDLE,4,2,10,10,0,0,30,SOUTH_WEST,39,FAST_MIDDLE,0,2,10,10,0,0,30,WEST
68,FAST_MIDDLE,2,0,10,10,0,0,20,CENTER,96,FAST_MIDDLE,1,5,10,10,0,0,30,NORTH_WEST,39,FAST_MIDDLE,0,2,10,10,0,0,30,WEST
69,FAST_MIDDLE,2,0,10,10,0,0,20,CENTER,96,FAST_MIDDLE,1,5,10,10,0,0,30,NORTH_WEST,39,FAST_MIDDLE,0,2,10,10,0,0,30,WEST
70,FAST_MIDDLE,2,0,10,10,0,0,20,NORTH_WEST,96,FAST_MIDDLE,1,5,10,10,0,0,30,NORTH_WEST,39,FAST_MIDDLE,0,2,10,10,0,0,30,WEST
71,FAST_MIDDLE,2,0,10,10,0,0,20,SOUTH,97,FAST_MIDDLE,3,4,10,10,0,0,30,SOUTH,39,FAST_MIDDLE,0,2,10,10,0,0,30,WEST
72,FAST_MIDDLE,2,0,10,10,0,0,20,EAST,98,FAST_MIDDLE,2,3,10,10,0,0,30,EAST,39,FAST_MIDDLE,0,2,10,10,0,0,30,WEST
73,FAST_MIDDLE,2,0,10,10,0,0,20,SOUTH_WEST,99,FAST_MIDDLE,4,2,10,10,0,0,30,SOUTH_WEST,39,FAST_MIDDLE,0,2,10,10,0,0,30,WEST
74,FAST_MIDDLE,2,0,10,10,0,0,20,NORTH_WEST,96,FAST_MIDDLE,1,5,10,10,0,0,30,NORTH_WEST,39,FAST_MIDDLE,0,2,10,10,0,0,30,WEST
75,FAST_MIDDLE,2,0,10,10,0,0,20,SOUTH,97,FAST_MIDDLE,3,4,10,10,0,0,30,SOUTH,39,FAST_MIDDLE,0,2,10,10,0,0,30,WEST
76,FAST_MIDDLE,2,0,10,10,0,0,20,EAST,98,FAST_MIDDLE,2,3,10,10,0,0,30,EAST,39,FAST_MIDDLE,0,2,10,10,0,0,30,WEST
77,FAST_MIDDLE,2,0,10,10,0,0,20,SOUTH_WEST,99,FAST_MIDDLE,4,2,10,10,0,0,30,SOUTH_WEST,39,FAST_MIDDLE,0,2,10,10,0,0,30,WEST
78,FAST_MIDDLE,2,0,10,10,0,0,20,CENTER,96,FAST_MIDDLE,1,5,10,10,0,0,30,NORTH_WEST,39,FAST_MIDDLE,0,2,10,10,0,0,30,WEST
79,FAST_MIDDLE,2,0,10,10,0,0,20,CENTER,96,FAST_MIDDLE,1,5,10,10,0,0,30,NORTH_WEST,39,FAST_MIDDLE,0,2,10,10,0,0,30,WEST
80,FAST_MIDDLE,2,0,10,10,0,0,20,NORTH_WEST,96,FAST_MIDDLE,1,5,10,10,0,0,30,NORTH_WEST,39,FAST_MIDDLE,0,2,10,10,0,0,30,WEST
81,FAST_MIDDLE,2,0,10,10,0,0,20,SOUTH,97,FAST_MIDDLE,3,4,10,10,0,0,30,SOUTH,39,FAST_MIDDLE,0,2,10,10,0,0,30,WEST
82,FAST_MIDDLE,2,0,10,10,0,0,20,EAST,98,FAST_MIDDLE,2,3,10,10,0,0,30,EAST,39,FAST_MIDDLE,0,2,10,10,0,0,30,WEST
83,FAST_MIDDLE,2,0,10,10,0,0,20,SOUTH_WEST,99,FAST_MIDDLE,4,2,10,10,0,0,30,SOUTH_WEST,39,FAST_MIDDLE,0,2,10,10,0,0,30,WEST
84,FAST_MIDDLE,2,0,10,10,0,0,20,NORTH_WEST,96,FAST_MIDDLE,1,5,10,10,0,0,30,NORTH_WEST,39,FAST_MIDDLE,0,2,10,10,0,0,30,WEST
85,FAST_MIDDLE,2,0,10,10,0,0,20,SOUTH,97,FAST_MIDDLE,3,4,10,10,0,0,30,SOUTH,39,FAST_MIDDLE,0,2,10,10,0,0,30,WEST
86,FAST_MIDDLE,2,0,10,10,0,0,20,EAST,98,FAST_MIDDLE,2,3,10,10,0,0,30,EAST,39,FAST_MIDDLE,0,2,10,10,0,0,30,WEST
87,FAST_MIDDLE,2,0,10,10,0,0,20,SOUTH_WEST,99,FAST_MIDDLE,4,2,10,10,0,0,30,SOUTH_WEST,39,FAST_MIDDLE,0,2,10,10,0,0,30,WEST
88,FAST_MIDDLE,2,0,10,10,0,0,20,CENTER,96,FAST_MIDDLE,1,5,10,10,0,0,30,NORTH_WEST,39,FAST_MIDDLE,0,2,10,10,0,0,30,WEST
89,FAST_MIDDLE,2,0,10,10,0,0,20,CENTER,96,FAST_MIDDLE,1,5,10,10,0,0,30,NORTH_WEST,39,FAST_MIDDLE,0,2,10,10,0,0,30,WEST
90,FAST_MIDDLE,2,0,10,10,0,0,20,NORTH_WEST,96,FAST_MIDDLE,1,5,10,10,0,0,30,NORTH_WEST,39,FAST_MIDDLE,0,2,10,10,0,0,30,WEST
91,FAST_MIDDLE,2,0,10,10,0,0,20,SOUTH,97,FAST_MIDDLE,3,4,10,10,0,0,30,SOUTH,39,FAST_MIDDLE,0,2,10,10,0,0,30,WEST
92,FAST_MIDDLE,2,0,10,10,0,0,20,EAST,98,FAST_MIDDLE,2,3,10,10,0,0,30,EAST,39,FAST_MIDDLE,0,2,10,10,0,0,30,WEST
93,FAST_MIDDLE,2,0,10,10,0,0,20,SOUTH_WEST,99,FAST_MIDDLE,4,2,10,10,0,0,30,SOUTH_WEST,39,FAST_MIDDLE,0,2,10,10,0,0,30,WEST
94,FAST_MIDDLE,2,0,10,10,0,0,20,NORTH_WEST,96,FAST_MIDDLE,1,5,10,10,0,0,30,NORTH_WEST,39,FAST_MIDDLE,0,2,10,10,0,0,30,WEST
95,FAST_MIDDLE,2,0,10,10,0,0,20,SOUTH,97,FAST_MIDDLE,3,4,10,10,0,0,30,SOUTH,39,FAST_MIDDLE,0,2,10,10,0,0,30,WEST
96,FAST_MIDDLE,2,0,10,10,0,0,20,EAST,98,FAST_MIDDLE,2,3,10,10,0,0,30,EAST,39,FAST_MIDDLE,0,2,10,10,0,0,30,WEST
97,FAST_MIDDLE,2,0,10,10,0,0,20,SOUTH_WEST,99,FAST_MIDDLE,4,2,10,10,0,0,30,SOUTH_WEST,39,FAST_MIDDLE,0,2,10,10,0,0,30,WEST
98,FAST_MIDDLE,2,0,10,10,0,0,20,CENTER,96,FAST_MIDDLE,1,5,10,10,0,0,30,NORTH_WEST,39,FAST_MIDDLE,0,2,10,10,0,0,30,WEST
99,FAST_MIDDLE,2,0,10,10,0,0,20,CENTER,96,FAST_MIDDLE,1,5,10,10,0,0,30,NORTH_WEST,39,FAST_MIDDLE,0,2,10,10,0,0,30,WEST
100,FAST_MIDDLE,2,0,10,10,0,0,20,NORTH_WEST,96,FAST_MIDDLE,1,5,10,10,0,0,30,NORTH_WEST,39,FAST_MIDDLE,0,2,10,10,0,0,30,WEST
101,FAST_MIDDLE,2,0,10,10,0,0,20,SOUTH,97,FAST_MIDDLE,3,4,10,10,0,0,30,SOUTH,39,FAST_MIDDLE,0,2,10,10,0,0,30,WEST
102,FAST_MIDDLE,2,0,10,10,0,0,20,EAST,98,FAST_MIDDLE,2,3,10,10,0,0,30,EAST,39,FAST_MIDDLE,0,2,10,10,0,0,30,WEST
103,FAST_MIDDLE,2,0,10,10,0,0,20,SOUTH_WEST,99,FAST_MIDDLE,4,2,10,10,0,0,30,SOUTH_WEST,39,FAST_MIDDLE,0,2,10,10,0,0,30,WEST
104,FAST_MIDDLE,2,0,10,10,0,0,20,NORTH_WEST,96,FAST_MIDDLE,1,5,10,10,0,0,30,NORTH_WEST,39,FAST_MIDDLE,0,2,10,10,0,0,30,WEST
105,FAST_MIDDLE,2,0,10,10,0,0,20,SOUTH,97,FAST_MIDDLE,3,4,10,10,0,0,30,SOUTH,39,FAST_MIDDLE,0,2,10,10,0,0,30,WEST
106,FAST_MIDDLE,2,0,10,10,0,0,20,EAST,98,FAST_MIDDLE,2,3,10,10,0,0,30,EAST,39,FAST_MIDDLE,0,2,10,10,0,0,30,WEST
107,FAST_MIDDLE,2,0,10,10,0,0,20,SOUTH_WEST,99,FAST_MIDDLE,4,2,10,10,0,0,30,SOUTH_WEST,39,FAST_MIDDLE,0,2,10,10,0,0,30,WEST
108,FAST_MIDDLE,2,0,10,10,0,0,20,CENTER,96,FAST_MIDDLE,1,5,10,10,0,0,30,NORTH_WEST,39,FAST_MIDDLE,0,2,10,10,0,0,30,WEST
109,FAST_MIDDLE,2,0,10,10,0,0,20,CENTER,96,FAST_MIDDLE,1,5,10,10,0,0,30,NORTH_WEST,39,FAST_MIDDLE,0,2,10,10,0,0,30,WEST
110,FAST_MIDDLE,2,0,10,10,0,0,20,NORTH_WEST,96,FAST_MIDDLE,1,5,10,10,0,0,30,NORTH_WEST,39,FAST_MIDDLE,0,2,10,10,0,0,30,WEST
111,FAST_MIDDLE,2,0,10,10,0,0,20,SOUTH,97,FAST_MIDDLE,3,4,10,10,0,0,30,SOUTH,39,FAST_MIDDLE,0,2,10,10,0,0,30,WEST
112,FAST_MIDDLE,2,0,10,10,0,0,20,EAST,98,FAST_MIDDLE,2,3,10,10,0,0,30,EAST,39,FAST_MIDDLE,0,2,10,10,0,0,30,WEST
113,FAST_MIDDLE,2,0,10,10,0,0,20,SOUTH_WEST,99,FAST_MIDDLE,4,2,10,10,0,0,30,SOUTH_WEST,39,FAST_MIDDLE,0,2,10,10,0,0,30,WEST
114,FAST_MIDDLE,2,0,10,10,0,0,20,NORTH_WEST,96,FAST_MIDDLE,1,5,10,10,0,0,30,NORTH_WEST,39,FAST_MIDDLE,0,2,10,10,0,0,30,WEST
115,FAST_MIDDLE,2,0,10,10,0,0,20,SOUTH,97,FAST_MIDDLE,3,4,10,10,0,0,30,SOUTH,39,FAST_MIDDLE,0,2,10,10,0,0,30,WEST
116,FAST_MIDDLE,2,0,10,10,0,0,20,EAST,98,FAST_MIDDLE,2,3,10,10,0,0,30,EAST,39,FAST_MIDDLE,0,2,10,10,0,0,30,WEST
117,FAST_MIDDLE,2,0,10,10,0,0,20,SOUTH_WEST,99,FAST_MIDDLE,4,2,10,10,0,0,30,SOUTH_WEST,39,FAST_MIDDLE,0,2,10,10,0,0,30,WEST
118,FAST_MIDDLE,2,0,10,10,0,0,20,CENTER,96,FAST_MIDDLE,1,5,10,10,0,0,30,NORTH_WEST,39,FAST_MIDDLE,0,2,10,10,0,0,30,WEST
119,FAST_MIDDLE,2,0,10,10,0,0,20,CENTER,96,FAST_MIDDLE,1,5,10,10,0,0,30,NORTH_WEST,39,FAST_MIDDLE,0,2,10,10,0,0,30,WEST
120,FAST_MIDDLE,2,0,10,10,0,0,20,NORTH_WEST,96,FAST_MIDDLE,1,5,10,10,0,0,30,NORTH_WEST,39,FAST_MIDDLE,0,2,10,10,0,0,30,WEST
121,FAST_MIDDLE,2,0,10,10,0,0,20,SOUTH,97,FAST_MIDDLE,3,4,10,10,0,0,30,SOUTH,39,FAST_MIDDLE,0,2,10,10,0,0,30,WEST
122,FAST_MIDDLE,2,0,10,10,0,0,20,EAST,98,FAST_MIDDLE,2,3,10,10,0,0,30,EAST,39,FAST_MIDDLE,0,2,10,10,0,0,30,WEST
123,FAST_MIDDLE,2,0,10,10,0,0,20,SOUTH_WEST,99,FAST_MIDDLE,4,2,10,10,0,0,30,SOUTH_WEST,39,FAST_MIDDLE,0,2,10,10,0,0,30,WEST
124,FAST_MIDDLE,2,0,10,10,0,0,20,NORTH_WEST,96,FAST_MIDDLE,1,5,10,10,0,0,30,NORTH_WEST,39,FAST_MIDDLE,0,2,10,10,0,0,30,WEST
125,FAST_MIDDLE,2,0,10,10,0,0,20,SOUTH,97,FAST_MIDDLE,3,4,10,10,0,0,30,SOUTH,39,FAST_MIDDLE,0,2,10,10,0,0,30,WEST
126,FAST_MIDDLE,2,0,10,10,0,0,20,EAST,98,FAST_MIDDLE,2,3,10,10,0,0,30,EAST,39,FAST_MIDDLE,0,2,10,10,0,0,30,WEST
127,FAST_MIDDLE,2,0,10,10,0,0,20,SOUTH_WEST,99,FAST_MIDDLE,4,2,10,10,0,0,30,SOUTH_WEST,39,FAST_MIDDLE,0,2,10,10,0,0,30,WEST
128,FAST_MIDDLE,2,0,10,10,0,0,20,CENTER,96,FAST_MIDDLE,1,5,10,10,0,0,30,NORTH_WEST,39,FAST_MIDDLE,0,2,10,10,0,0,30,WEST
129,FAST_MIDDLE,2,0,10,10,0,0,20,CENTER,96,FAST_MIDDLE,1,5,10,10,0,0,30,NORTH_WEST,39,FAST_MIDDLE,0,2,10,10,0,0,30,WEST
